Level,Name,Branch,Division,Group,Qty,Total Amount
Group,BLACK COFFEE,Stories - Bir Hasan,HOT BAR SECTION,BLACK COFFEE,10059,1683315.12
Group,MIXED HOT BEVERAGE,Stories - Bir Hasan,HOT BAR SECTION,MIXED HOT BEVERAGE,22591,5059071.62
Group,TEA,Stories - Bir Hasan,HOT BAR SECTION,TEA,664,89643.84
Group,BEANS,Stories - Bir Hasan,HOT BAR SECTION,BEANS,67.125,37154.35
Division,HOT BAR SECTION,Stories - Bir Hasan,HOT BAR SECTION,BEANS,33381.125,6869184.94
Group,MIXED COLD BEVERAGES,Stories - Bir Hasan,COLD BAR SECTION,MIXED COLD BEVERAGES,22639,5360581.63
Group,BLENDED BRINKS,Stories - Bir Hasan,COLD BAR SECTION,BLENDED BRINKS,13530,3510984.68
Group,ICE TEA,Stories - Bir Hasan,COLD BAR SECTION,ICE TEA,577,98610.48
Group,ADD SYRUP,Stories - Bir Hasan,COLD BAR SECTION,ADD SYRUP,32117,1084265.56
Group,REPLACE,Stories - Bir Hasan,COLD BAR SECTION,REPLACE,17068,435481.77
Division,COLD BAR SECTION,Stories - Bir Hasan,COLD BAR SECTION,REPLACE,85931,10489924.12
Group,SOFT DRINKS,Stories - Bir Hasan,GRAB&GO BEVERAGES,SOFT DRINKS,18260,1054749.33
Division,GRAB&GO BEVERAGES,Stories - Bir Hasan,GRAB&GO BEVERAGES,SOFT DRINKS,18260,1054749.33
Group,COFFEE PASTRY,Stories - Bir Hasan,COFFEE PASTRY,COFFEE PASTRY,3642,932850.93
Division,COFFEE PASTRY,Stories - Bir Hasan,COFFEE PASTRY,COFFEE PASTRY,3642,932850.93
Group,CROISSANT,Stories - Bir Hasan,CROISSANT,CROISSANT,1953,407986.13
Division,CROISSANT,Stories - Bir Hasan,CROISSANT,CROISSANT,1953,407986.13
Group,COOKIES,Stories - Bir Hasan,COOKIES,COOKIES,800,259414.41
Division,COOKIES,Stories - Bir Hasan,COOKIES,COOKIES,800,259414.41
Group,FRENCH PASTRY,Stories - Bir Hasan,FRENCH PASTRY,FRENCH PASTRY,1651,467402.82
Division,FRENCH PASTRY,Stories - Bir Hasan,FRENCH PASTRY,FRENCH PASTRY,1651,467402.82
Group,COMBO TOPPINGS,Stories - Bir Hasan,FROZEN YOGHURT,COMBO TOPPINGS,55956,0
Group,TOPPINGS,Stories - Bir Hasan,FROZEN YOGHURT,TOPPINGS,3921,279572.31
Group,LUXURY TOPPINGS,Stories - Bir Hasan,FROZEN YOGHURT,LUXURY TOPPINGS,3452,364830.6
Group,FROZEN YOGHURT,Stories - Bir Hasan,FROZEN YOGHURT,FROZEN YOGHURT,17194.9,6127181.16
Group,SPECIALTY YOGHURT,Stories - Bir Hasan,FROZEN YOGHURT,SPECIALTY YOGHURT,30.5,7196.67
Division,FROZEN YOGHURT,Stories - Bir Hasan,FROZEN YOGHURT,SPECIALTY YOGHURT,80554.4,6778780.74
Group,PLAT DU JOUR,Stories - Bir Hasan,PLAT DE JOUR,PLAT DU JOUR,494,311972.97
Division,PLAT DE JOUR,Stories - Bir Hasan,PLAT DE JOUR,PLAT DU JOUR,494,311972.97
Group,SUB SANDWICHES,Stories - Bir Hasan,SANDWICHES,SUB SANDWICHES,6619,1778959.16
Division,SANDWICHES,Stories - Bir Hasan,SANDWICHES,SUB SANDWICHES,6619,1778959.16
Group,CINNAMONS,Stories - Bir Hasan,CINNAMON ROLLS,CINNAMONS,3056,863557.66
Division,CINNAMON ROLLS,Stories - Bir Hasan,CINNAMON ROLLS,CINNAMONS,3056,863557.66
Group,PACKAGING,Stories - Bir Hasan,CARTON,PACKAGING,1212,0
Division,CARTON,Stories - Bir Hasan,CARTON,PACKAGING,1212,0
Group,NOT USED,Stories - Bir Hasan,NOT USED,NOT USED,1579.5,417758.86
Division,NOT USED,Stories - Bir Hasan,NOT USED,NOT USED,1579.5,417758.86
Group,ADD ONS,Stories - Bir Hasan,SUBS,ADD ONS,1679.5,181272.91
Division,SUBS,Stories - Bir Hasan,SUBS,ADD ONS,1679.5,181272.91
Group,PACKAGED FOOD,Stories - Bir Hasan,GRAB&GO FOOD,PACKAGED FOOD,1112,158906.25
Group,SALADS,Stories - Bir Hasan,GRAB&GO FOOD,SALADS,766,356091.17
Group,FRUITS,Stories - Bir Hasan,GRAB&GO FOOD,FRUITS,296,86266.7
Group,PACKAGED DESSERT,Stories - Bir Hasan,GRAB&GO FOOD,PACKAGED DESSERT,213,78348.35
Division,GRAB&GO FOOD,Stories - Bir Hasan,GRAB&GO FOOD,PACKAGED DESSERT,2387,679612.46
Group,DONUTS,Stories - Bir Hasan,DONUTS,DONUTS,537,109429.19
Division,DONUTS,Stories - Bir Hasan,DONUTS,DONUTS,537,109429.19
Branch,Stories - Bir Hasan,Stories - Bir Hasan,DONUTS,DONUTS,243736.53,31602856.65
Group,BLACK COFFEE,Stories Centro Mall,HOT BAR SECTION,BLACK COFFEE,8879,1540187.75
Group,MIXED HOT BEVERAGE,Stories Centro Mall,HOT BAR SECTION,MIXED HOT BEVERAGE,23795,5192831.57
Group,TEA,Stories Centro Mall,HOT BAR SECTION,TEA,742,108660.06
Group,BEANS,Stories Centro Mall,HOT BAR SECTION,BEANS,46.5,25741.74
Division,HOT BAR SECTION,Stories Centro Mall,HOT BAR SECTION,BEANS,33462.5,6867421.12
Group,MIXED COLD BEVERAGES,Stories Centro Mall,COLD BAR SECTION,MIXED COLD BEVERAGES,21673,5033128.89
Group,BLENDED BRINKS,Stories Centro Mall,COLD BAR SECTION,BLENDED BRINKS,24749,6148252.03
Group,ICE TEA,Stories Centro Mall,COLD BAR SECTION,ICE TEA,1095,212822.82
Group,ADD SYRUP,Stories Centro Mall,COLD BAR SECTION,ADD SYRUP,24401,745264.88
Group,REPLACE,Stories Centro Mall,COLD BAR SECTION,REPLACE,7945,209784.93
Division,COLD BAR SECTION,Stories Centro Mall,COLD BAR SECTION,REPLACE,79863,12349253.56
Group,SOFT DRINKS,Stories Centro Mall,GRAB&GO BEVERAGES,SOFT DRINKS,25355,1333212.29
Division,GRAB&GO BEVERAGES,Stories Centro Mall,GRAB&GO BEVERAGES,SOFT DRINKS,25355,1333212.29
Group,COFFEE PASTRY,Stories Centro Mall,COFFEE PASTRY,COFFEE PASTRY,6634,1763880.19
Division,COFFEE PASTRY,Stories Centro Mall,COFFEE PASTRY,COFFEE PASTRY,6634,1763880.19
Group,CROISSANT,Stories Centro Mall,CROISSANT,CROISSANT,2789,564457.06
Division,CROISSANT,Stories Centro Mall,CROISSANT,CROISSANT,2789,564457.06
Group,PIZZA,Stories Centro Mall,PIZZA,PIZZA,0,0
Division,PIZZA,Stories Centro Mall,PIZZA,PIZZA,0,0
Group,COOKIES,Stories Centro Mall,COOKIES,COOKIES,908,287240.24
Division,COOKIES,Stories Centro Mall,COOKIES,COOKIES,908,287240.24
Group,FRENCH PASTRY,Stories Centro Mall,FRENCH PASTRY,FRENCH PASTRY,2349,699241.44
Division,FRENCH PASTRY,Stories Centro Mall,FRENCH PASTRY,FRENCH PASTRY,2349,699241.44
Group,COMBO TOPPINGS,Stories Centro Mall,FROZEN YOGHURT,COMBO TOPPINGS,73181,0
Group,TOPPINGS,Stories Centro Mall,FROZEN YOGHURT,TOPPINGS,3561,237864.87
Group,LUXURY TOPPINGS,Stories Centro Mall,FROZEN YOGHURT,LUXURY TOPPINGS,2971,299269.07
Group,FROZEN YOGHURT,Stories Centro Mall,FROZEN YOGHURT,FROZEN YOGHURT,22659.1,7617074.6
Group,SPECIALTY YOGHURT,Stories Centro Mall,FROZEN YOGHURT,SPECIALTY YOGHURT,1,533.33
Division,FROZEN YOGHURT,Stories Centro Mall,FROZEN YOGHURT,SPECIALTY YOGHURT,102373.1,8154741.86
Group,SUB SANDWICHES,Stories Centro Mall,SANDWICHES,SUB SANDWICHES,121,31600
Division,SANDWICHES,Stories Centro Mall,SANDWICHES,SUB SANDWICHES,121,31600
Group,CINNAMONS,Stories Centro Mall,CINNAMON ROLLS,CINNAMONS,4786,1322602.11
Division,CINNAMON ROLLS,Stories Centro Mall,CINNAMON ROLLS,CINNAMONS,4786,1322602.11
Group,NOT USED,Stories Centro Mall,NOT USED,NOT USED,1368,316939.64
Division,NOT USED,Stories Centro Mall,NOT USED,NOT USED,1368,316939.64
Group,ADD ONS,Stories Centro Mall,SUBS,ADD ONS,19,1933.33
Division,SUBS,Stories Centro Mall,SUBS,ADD ONS,19,1933.33
Group,PACKAGED FOOD,Stories Centro Mall,GRAB&GO FOOD,PACKAGED FOOD,1248,172019.22
Group,PACKAGED DESSERT,Stories Centro Mall,GRAB&GO FOOD,PACKAGED DESSERT,209,76675.68
Division,GRAB&GO FOOD,Stories Centro Mall,GRAB&GO FOOD,PACKAGED DESSERT,1457,248694.89
Group,DONUTS,Stories Centro Mall,DONUTS,DONUTS,1452,290380.18
Division,DONUTS,Stories Centro Mall,DONUTS,DONUTS,1452,290380.18
Branch,Stories Centro Mall,Stories Centro Mall,DONUTS,DONUTS,262936.6,34231597.91
Group,BLACK COFFEE,Stories LAU,HOT BAR SECTION,BLACK COFFEE,2576,464760.71
Group,MIXED HOT BEVERAGE,Stories LAU,HOT BAR SECTION,MIXED HOT BEVERAGE,9220,2034513.16
Group,TEA,Stories LAU,HOT BAR SECTION,TEA,690,85049.1
Group,BEANS,Stories LAU,HOT BAR SECTION,BEANS,12,5977.18
Division,HOT BAR SECTION,Stories LAU,HOT BAR SECTION,BEANS,12498,2590300.15
Group,MIXED COLD BEVERAGES,Stories LAU,COLD BAR SECTION,MIXED COLD BEVERAGES,11047,2532636.07
Group,BLENDED BRINKS,Stories LAU,COLD BAR SECTION,BLENDED BRINKS,5884,1497294.69
Group,ICE TEA,Stories LAU,COLD BAR SECTION,ICE TEA,423,61381.26
Group,ADD SYRUP,Stories LAU,COLD BAR SECTION,ADD SYRUP,10756,317189.94
Group,REPLACE,Stories LAU,COLD BAR SECTION,REPLACE,6376,183583.17
Division,COLD BAR SECTION,Stories LAU,COLD BAR SECTION,REPLACE,34486,4592085.14
Group,SOFT DRINKS,Stories LAU,GRAB&GO BEVERAGES,SOFT DRINKS,11446,589897.71
Division,GRAB&GO BEVERAGES,Stories LAU,GRAB&GO BEVERAGES,SOFT DRINKS,11446,589897.71
Group,COFFEE PASTRY,Stories LAU,COFFEE PASTRY,COFFEE PASTRY,1198,305313.45
Division,COFFEE PASTRY,Stories LAU,COFFEE PASTRY,COFFEE PASTRY,1198,305313.45
Group,CROISSANT,Stories LAU,CROISSANT,CROISSANT,1078,222044.39
Division,CROISSANT,Stories LAU,CROISSANT,CROISSANT,1078,222044.39
Group,COOKIES,Stories LAU,COOKIES,COOKIES,308,100991.29
Division,COOKIES,Stories LAU,COOKIES,COOKIES,308,100991.29
Group,FRENCH PASTRY,Stories LAU,FRENCH PASTRY,FRENCH PASTRY,378,122280.21
Division,FRENCH PASTRY,Stories LAU,FRENCH PASTRY,FRENCH PASTRY,378,122280.21
Group,COMBO TOPPINGS,Stories LAU,FROZEN YOGHURT,COMBO TOPPINGS,45132,0
Group,TOPPINGS,Stories LAU,FROZEN YOGHURT,TOPPINGS,1867,131156.52
Group,LUXURY TOPPINGS,Stories LAU,FROZEN YOGHURT,LUXURY TOPPINGS,2550,263266.28
Group,FROZEN YOGHURT,Stories LAU,FROZEN YOGHURT,FROZEN YOGHURT,14093.15,4864383.21
Group,SPECIALTY YOGHURT,Stories LAU,FROZEN YOGHURT,SPECIALTY YOGHURT,27.5,4150
Division,FROZEN YOGHURT,Stories LAU,FROZEN YOGHURT,SPECIALTY YOGHURT,63669.65,5262956.01
Group,PLAT DU JOUR,Stories LAU,PLAT DE JOUR,PLAT DU JOUR,34,21441.44
Division,PLAT DE JOUR,Stories LAU,PLAT DE JOUR,PLAT DU JOUR,34,21441.44
Group,SUB SANDWICHES,Stories LAU,SANDWICHES,SUB SANDWICHES,3814,990743.54
Division,SANDWICHES,Stories LAU,SANDWICHES,SUB SANDWICHES,3814,990743.54
Group,CINNAMONS,Stories LAU,CINNAMON ROLLS,CINNAMONS,1687,417534.33
Division,CINNAMON ROLLS,Stories LAU,CINNAMON ROLLS,CINNAMONS,1687,417534.33
Group,PACKAGING,Stories LAU,CARTON,PACKAGING,1428,0
Division,CARTON,Stories LAU,CARTON,PACKAGING,1428,0
Group,NOT USED,Stories LAU,NOT USED,NOT USED,902,125445.06
Division,NOT USED,Stories LAU,NOT USED,NOT USED,902,125445.06
Group,ADD ONS,Stories LAU,SUBS,ADD ONS,521,61704.87
Division,SUBS,Stories LAU,SUBS,ADD ONS,521,61704.87
Group,PACKAGED FOOD,Stories LAU,GRAB&GO FOOD,PACKAGED FOOD,469,61224.92
Group,SALADS,Stories LAU,GRAB&GO FOOD,SALADS,207,95124.74
Group,PACKAGED DESSERT,Stories LAU,GRAB&GO FOOD,PACKAGED DESSERT,52,18486.49
Division,GRAB&GO FOOD,Stories LAU,GRAB&GO FOOD,PACKAGED DESSERT,728,174836.16
Group,DONUTS,Stories LAU,DONUTS,DONUTS,360,73520
Division,DONUTS,Stories LAU,DONUTS,DONUTS,360,73520
Branch,Stories LAU,Stories LAU,DONUTS,DONUTS,134535.65,15651093.74
Group,BLACK COFFEE,Stories Faqra,HOT BAR SECTION,BLACK COFFEE,2383,452167.21
Group,MIXED HOT BEVERAGE,Stories Faqra,HOT BAR SECTION,MIXED HOT BEVERAGE,7752,1687447.75
Group,TEA,Stories Faqra,HOT BAR SECTION,TEA,545,72193.69
Group,BEANS,Stories Faqra,HOT BAR SECTION,BEANS,9,5654.05
Division,HOT BAR SECTION,Stories Faqra,HOT BAR SECTION,BEANS,10689,2217462.7
Group,MIXED COLD BEVERAGES,Stories Faqra,COLD BAR SECTION,MIXED COLD BEVERAGES,10583,2591897.12
Group,BLENDED BRINKS,Stories Faqra,COLD BAR SECTION,BLENDED BRINKS,3583,966614.95
Group,ICE TEA,Stories Faqra,COLD BAR SECTION,ICE TEA,113,25968.47
Group,ADD SYRUP,Stories Faqra,COLD BAR SECTION,ADD SYRUP,9930,302628.83
Group,REPLACE,Stories Faqra,COLD BAR SECTION,REPLACE,3828,106919.1
Division,COLD BAR SECTION,Stories Faqra,COLD BAR SECTION,REPLACE,28037,3994028.47
Group,SOFT DRINKS,Stories Faqra,GRAB&GO BEVERAGES,SOFT DRINKS,10879,507336.75
Division,GRAB&GO BEVERAGES,Stories Faqra,GRAB&GO BEVERAGES,SOFT DRINKS,10879,507336.75
Group,COFFEE PASTRY,Stories Faqra,COFFEE PASTRY,COFFEE PASTRY,759,200942.34
Division,COFFEE PASTRY,Stories Faqra,COFFEE PASTRY,COFFEE PASTRY,759,200942.34
Group,CROISSANT,Stories Faqra,CROISSANT,CROISSANT,470,94070.27
Division,CROISSANT,Stories Faqra,CROISSANT,CROISSANT,470,94070.27
Group,COOKIES,Stories Faqra,COOKIES,COOKIES,147,49000
Division,COOKIES,Stories Faqra,COOKIES,COOKIES,147,49000
Group,FRENCH PASTRY,Stories Faqra,FRENCH PASTRY,FRENCH PASTRY,314,98279.28
Division,FRENCH PASTRY,Stories Faqra,FRENCH PASTRY,FRENCH PASTRY,314,98279.28
Group,COMBO TOPPINGS,Stories Faqra,FROZEN YOGHURT,COMBO TOPPINGS,30982,0
Group,TOPPINGS,Stories Faqra,FROZEN YOGHURT,TOPPINGS,842,58637.84
Group,LUXURY TOPPINGS,Stories Faqra,FROZEN YOGHURT,LUXURY TOPPINGS,1609,171690.09
Group,FROZEN YOGHURT,Stories Faqra,FROZEN YOGHURT,FROZEN YOGHURT,9872.7,3189838.92
Group,SPECIALTY YOGHURT,Stories Faqra,FROZEN YOGHURT,SPECIALTY YOGHURT,21.5,4933.33
Division,FROZEN YOGHURT,Stories Faqra,FROZEN YOGHURT,SPECIALTY YOGHURT,43327.2,3425100.18
Group,CINNAMONS,Stories Faqra,CINNAMON ROLLS,CINNAMONS,1181,293344.14
Division,CINNAMON ROLLS,Stories Faqra,CINNAMON ROLLS,CINNAMONS,1181,293344.14
Group,PACKAGING,Stories Faqra,CARTON,PACKAGING,862,0
Division,CARTON,Stories Faqra,CARTON,PACKAGING,862,0
Group,NOT USED,Stories Faqra,NOT USED,NOT USED,1063.6,203126.67
Division,NOT USED,Stories Faqra,NOT USED,NOT USED,1063.6,203126.67
Group,PACKAGED FOOD,Stories Faqra,GRAB&GO FOOD,PACKAGED FOOD,317,41400
Group,FRUITS,Stories Faqra,GRAB&GO FOOD,FRUITS,13,2766.67
Division,GRAB&GO FOOD,Stories Faqra,GRAB&GO FOOD,FRUITS,330,44166.67
Group,DONUTS,Stories Faqra,DONUTS,DONUTS,114,22800
Division,DONUTS,Stories Faqra,DONUTS,DONUTS,114,22800
Branch,Stories Faqra,Stories Faqra,DONUTS,DONUTS,98172.8,11149657.47
Group,BLACK COFFEE,Stories.,HOT BAR SECTION,BLACK COFFEE,4645,675043.33
Group,MIXED HOT BEVERAGE,Stories.,HOT BAR SECTION,MIXED HOT BEVERAGE,8161,1713110
Group,TEA,Stories.,HOT BAR SECTION,TEA,385,56200
Group,BEANS,Stories.,HOT BAR SECTION,BEANS,17,9733.33
Division,HOT BAR SECTION,Stories.,HOT BAR SECTION,BEANS,13208,2454086.67
Group,MIXED COLD BEVERAGES,Stories.,COLD BAR SECTION,MIXED COLD BEVERAGES,8062,1865966.67
Group,BLENDED BRINKS,Stories.,COLD BAR SECTION,BLENDED BRINKS,10438,2631533.33
Group,ICE TEA,Stories.,COLD BAR SECTION,ICE TEA,371,31866.67
Group,ADD SYRUP,Stories.,COLD BAR SECTION,ADD SYRUP,11931.5,366283.33
Group,REPLACE,Stories.,COLD BAR SECTION,REPLACE,2864,97940
Division,COLD BAR SECTION,Stories.,COLD BAR SECTION,REPLACE,33666.5,4993590
Group,SOFT DRINKS,Stories.,GRAB&GO BEVERAGES,SOFT DRINKS,8432,375600
Division,GRAB&GO BEVERAGES,Stories.,GRAB&GO BEVERAGES,SOFT DRINKS,8432,375600
Group,COFFEE PASTRY,Stories.,COFFEE PASTRY,COFFEE PASTRY,2017,565666.67
Division,COFFEE PASTRY,Stories.,COFFEE PASTRY,COFFEE PASTRY,2017,565666.67
Group,CROISSANT,Stories.,CROISSANT,CROISSANT,633,109600
Division,CROISSANT,Stories.,CROISSANT,CROISSANT,633,109600
Group,COOKIES,Stories.,COOKIES,COOKIES,303,101000
Division,COOKIES,Stories.,COOKIES,COOKIES,303,101000
Group,FRENCH PASTRY,Stories.,FRENCH PASTRY,FRENCH PASTRY,936,254633.33
Division,FRENCH PASTRY,Stories.,FRENCH PASTRY,FRENCH PASTRY,936,254633.33
Group,COMBO TOPPINGS,Stories.,FROZEN YOGHURT,COMBO TOPPINGS,38571,0
Group,TOPPINGS,Stories.,FROZEN YOGHURT,TOPPINGS,2506,167066.67
Group,LUXURY TOPPINGS,Stories.,FROZEN YOGHURT,LUXURY TOPPINGS,2272,227200
Group,FROZEN YOGHURT,Stories.,FROZEN YOGHURT,FROZEN YOGHURT,12197.2,4035470
Division,FROZEN YOGHURT,Stories.,FROZEN YOGHURT,FROZEN YOGHURT,55546.2,4429736.67
Group,SUB SANDWICHES,Stories.,SANDWICHES,SUB SANDWICHES,1059,294500
Division,SANDWICHES,Stories.,SANDWICHES,SUB SANDWICHES,1059,294500
Group,CINNAMONS,Stories.,CINNAMON ROLLS,CINNAMONS,1491,389933.33
Division,CINNAMON ROLLS,Stories.,CINNAMON ROLLS,CINNAMONS,1491,389933.33
Group,PACKAGING,Stories.,CARTON,PACKAGING,102,0
Division,CARTON,Stories.,CARTON,PACKAGING,102,0
Group,NOT USED,Stories.,NOT USED,NOT USED,2494,416616.67
Division,NOT USED,Stories.,NOT USED,NOT USED,2494,416616.67
Group,ADD ONS,Stories.,SUBS,ADD ONS,101,11666.67
Division,SUBS,Stories.,SUBS,ADD ONS,101,11666.67
Group,PACKAGED FOOD,Stories.,GRAB&GO FOOD,PACKAGED FOOD,633,97133.33
Group,SALADS,Stories.,GRAB&GO FOOD,SALADS,73,34066.67
Group,FRUITS,Stories.,GRAB&GO FOOD,FRUITS,132,29233.33
Division,GRAB&GO FOOD,Stories.,GRAB&GO FOOD,FRUITS,838,160433.33
Group,DONUTS,Stories.,DONUTS,DONUTS,704,140800
Division,DONUTS,Stories.,DONUTS,DONUTS,704,140800
Branch,Stories.,Stories.,DONUTS,DONUTS,121530.7,14697863.33
Group,BLACK COFFEE,Stories Ain El Mreisseh,HOT BAR SECTION,BLACK COFFEE,42414,7631819.64
Group,MIXED HOT BEVERAGE,Stories Ain El Mreisseh,HOT BAR SECTION,MIXED HOT BEVERAGE,89078,20200307.43
Group,TEA,Stories Ain El Mreisseh,HOT BAR SECTION,TEA,5847,941348.65
Group,BEANS,Stories Ain El Mreisseh,HOT BAR SECTION,BEANS,144,75601.2
Division,HOT BAR SECTION,Stories Ain El Mreisseh,HOT BAR SECTION,BEANS,137483,28849076.92
Group,MIXED COLD BEVERAGES,Stories Ain El Mreisseh,COLD BAR SECTION,MIXED COLD BEVERAGES,66496,15879936.98
Group,BLENDED BRINKS,Stories Ain El Mreisseh,COLD BAR SECTION,BLENDED BRINKS,50865,12881325.09
Group,ICE TEA,Stories Ain El Mreisseh,COLD BAR SECTION,ICE TEA,3794,623218.92
Group,ADD SYRUP,Stories Ain El Mreisseh,COLD BAR SECTION,ADD SYRUP,79667.5,2488245.28
Group,REPLACE,Stories Ain El Mreisseh,COLD BAR SECTION,REPLACE,32766,1134980.79
Division,COLD BAR SECTION,Stories Ain El Mreisseh,COLD BAR SECTION,REPLACE,233588.5,33007707.06
Group,SOFT DRINKS,Stories Ain El Mreisseh,GRAB&GO BEVERAGES,SOFT DRINKS,82338,4184454.05
Division,GRAB&GO BEVERAGES,Stories Ain El Mreisseh,GRAB&GO BEVERAGES,SOFT DRINKS,82338,4184454.05
Group,COFFEE PASTRY,Stories Ain El Mreisseh,COFFEE PASTRY,COFFEE PASTRY,16237,4315997.91
Division,COFFEE PASTRY,Stories Ain El Mreisseh,COFFEE PASTRY,COFFEE PASTRY,16237,4315997.91
Group,CROISSANT,Stories Ain El Mreisseh,CROISSANT,CROISSANT,7969,1596325.53
Division,CROISSANT,Stories Ain El Mreisseh,CROISSANT,CROISSANT,7969,1596325.53
Group,COOKIES,Stories Ain El Mreisseh,COOKIES,COOKIES,2910,916189.19
Division,COOKIES,Stories Ain El Mreisseh,COOKIES,COOKIES,2910,916189.19
Group,FRENCH PASTRY,Stories Ain El Mreisseh,FRENCH PASTRY,FRENCH PASTRY,7073,1921215.92
Division,FRENCH PASTRY,Stories Ain El Mreisseh,FRENCH PASTRY,FRENCH PASTRY,7073,1921215.92
Group,COMBO TOPPINGS,Stories Ain El Mreisseh,FROZEN YOGHURT,COMBO TOPPINGS,193860,0
Group,TOPPINGS,Stories Ain El Mreisseh,FROZEN YOGHURT,TOPPINGS,7802,519846.25
Group,LUXURY TOPPINGS,Stories Ain El Mreisseh,FROZEN YOGHURT,LUXURY TOPPINGS,11164,1120524.02
Group,FROZEN YOGHURT,Stories Ain El Mreisseh,FROZEN YOGHURT,FROZEN YOGHURT,60527.3,20328365.53
Group,SPECIALTY YOGHURT,Stories Ain El Mreisseh,FROZEN YOGHURT,SPECIALTY YOGHURT,204.5,24616.67
Division,FROZEN YOGHURT,Stories Ain El Mreisseh,FROZEN YOGHURT,SPECIALTY YOGHURT,273557.8,21993352.46
Group,PLAT DU JOUR,Stories Ain El Mreisseh,PLAT DE JOUR,PLAT DU JOUR,130,81981.98
Division,PLAT DE JOUR,Stories Ain El Mreisseh,PLAT DE JOUR,PLAT DU JOUR,130,81981.98
Group,SUB SANDWICHES,Stories Ain El Mreisseh,SANDWICHES,SUB SANDWICHES,16647,4431053.16
Division,SANDWICHES,Stories Ain El Mreisseh,SANDWICHES,SUB SANDWICHES,16647,4431053.16
Group,CINNAMONS,Stories Ain El Mreisseh,CINNAMON ROLLS,CINNAMONS,17375,5465425.25
Division,CINNAMON ROLLS,Stories Ain El Mreisseh,CINNAMON ROLLS,CINNAMONS,17375,5465425.25
Group,PACKAGING,Stories Ain El Mreisseh,CARTON,PACKAGING,127,0
Division,CARTON,Stories Ain El Mreisseh,CARTON,PACKAGING,127,0
Group,NOT USED,Stories Ain El Mreisseh,NOT USED,NOT USED,7291.25,1646440.54
Division,NOT USED,Stories Ain El Mreisseh,NOT USED,NOT USED,7291.25,1646440.54
Group,ADD ONS,Stories Ain El Mreisseh,SUBS,ADD ONS,1872,207218.02
Division,SUBS,Stories Ain El Mreisseh,SUBS,ADD ONS,1872,207218.02
Group,POP UP BEVERAGE,Stories Ain El Mreisseh,POP UP BEVERAGE,POP UP BEVERAGE,0,0
Division,POP UP BEVERAGE,Stories Ain El Mreisseh,POP UP BEVERAGE,POP UP BEVERAGE,0,0
Group,OFFER,Stories Ain El Mreisseh,OFFER,OFFER,0,0
Division,OFFER,Stories Ain El Mreisseh,OFFER,OFFER,0,0
Group,PACKAGED FOOD,Stories Ain El Mreisseh,GRAB&GO FOOD,PACKAGED FOOD,4191,575617.42
Group,SALADS,Stories Ain El Mreisseh,GRAB&GO FOOD,SALADS,1326,606138.74
Group,FRUITS,Stories Ain El Mreisseh,GRAB&GO FOOD,FRUITS,1074,329289.19
Group,PACKAGED DESSERT,Stories Ain El Mreisseh,GRAB&GO FOOD,PACKAGED DESSERT,440,159081.08
Division,GRAB&GO FOOD,Stories Ain El Mreisseh,GRAB&GO FOOD,PACKAGED DESSERT,7031,1670126.42
Group,DONUTS,Stories Ain El Mreisseh,DONUTS,DONUTS,2534,506800
Division,DONUTS,Stories Ain El Mreisseh,DONUTS,DONUTS,2534,506800
Group,HEALTHY SECTION,Stories Ain El Mreisseh,HEALTHY SECTION,HEALTHY SECTION,0,0
Division,HEALTHY SECTION,Stories Ain El Mreisseh,HEALTHY SECTION,HEALTHY SECTION,0,0
Branch,Stories Ain El Mreisseh,Stories Ain El Mreisseh,HEALTHY SECTION,HEALTHY SECTION,814163.55,110793364.4
Group,BLACK COFFEE,Stories Sour 2,HOT BAR SECTION,BLACK COFFEE,4238,734626.67
Group,MIXED HOT BEVERAGE,Stories Sour 2,HOT BAR SECTION,MIXED HOT BEVERAGE,8308,1976400
Group,TEA,Stories Sour 2,HOT BAR SECTION,TEA,285,40613.33
Group,BEANS,Stories Sour 2,HOT BAR SECTION,BEANS,13,7200
Division,HOT BAR SECTION,Stories Sour 2,HOT BAR SECTION,BEANS,12844,2758840
Group,MIXED COLD BEVERAGES,Stories Sour 2,COLD BAR SECTION,MIXED COLD BEVERAGES,13321,3229573.33
Group,BLENDED BRINKS,Stories Sour 2,COLD BAR SECTION,BLENDED BRINKS,11574,3123173.33
Group,ICE TEA,Stories Sour 2,COLD BAR SECTION,ICE TEA,954,148766.67
Group,ADD SYRUP,Stories Sour 2,COLD BAR SECTION,ADD SYRUP,16376,581033.33
Group,REPLACE,Stories Sour 2,COLD BAR SECTION,REPLACE,5388,268133.33
Division,COLD BAR SECTION,Stories Sour 2,COLD BAR SECTION,REPLACE,47613,7350680
Group,SOFT DRINKS,Stories Sour 2,GRAB&GO BEVERAGES,SOFT DRINKS,11002,642713.33
Division,GRAB&GO BEVERAGES,Stories Sour 2,GRAB&GO BEVERAGES,SOFT DRINKS,11002,642713.33
Group,COFFEE PASTRY,Stories Sour 2,COFFEE PASTRY,COFFEE PASTRY,2759,816046.67
Division,COFFEE PASTRY,Stories Sour 2,COFFEE PASTRY,COFFEE PASTRY,2759,816046.67
Group,CROISSANT,Stories Sour 2,CROISSANT,CROISSANT,1400,322706.67
Division,CROISSANT,Stories Sour 2,CROISSANT,CROISSANT,1400,322706.67
Group,COOKIES,Stories Sour 2,COOKIES,COOKIES,564,188000
Division,COOKIES,Stories Sour 2,COOKIES,COOKIES,564,188000
Group,FRENCH PASTRY,Stories Sour 2,FRENCH PASTRY,FRENCH PASTRY,1086,358731.53
Division,FRENCH PASTRY,Stories Sour 2,FRENCH PASTRY,FRENCH PASTRY,1086,358731.53
Group,COMBO TOPPINGS,Stories Sour 2,FROZEN YOGHURT,COMBO TOPPINGS,38554,0
Group,TOPPINGS,Stories Sour 2,FROZEN YOGHURT,TOPPINGS,2793,207146.67
Group,LUXURY TOPPINGS,Stories Sour 2,FROZEN YOGHURT,LUXURY TOPPINGS,2732,308498.56
Group,FROZEN YOGHURT,Stories Sour 2,FROZEN YOGHURT,FROZEN YOGHURT,12659.7,4512979.33
Division,FROZEN YOGHURT,Stories Sour 2,FROZEN YOGHURT,FROZEN YOGHURT,56738.7,5028624.56
Group,SUB SANDWICHES,Stories Sour 2,SANDWICHES,SUB SANDWICHES,1643,449526.67
Division,SANDWICHES,Stories Sour 2,SANDWICHES,SUB SANDWICHES,1643,449526.67
Group,CINNAMONS,Stories Sour 2,CINNAMON ROLLS,CINNAMONS,2111,660433.33
Division,CINNAMON ROLLS,Stories Sour 2,CINNAMON ROLLS,CINNAMONS,2111,660433.33
Group,NOT USED,Stories Sour 2,NOT USED,NOT USED,262,47743.96
Division,NOT USED,Stories Sour 2,NOT USED,NOT USED,262,47743.96
Group,ADD ONS,Stories Sour 2,SUBS,ADD ONS,228,29326.67
Division,SUBS,Stories Sour 2,SUBS,ADD ONS,228,29326.67
Group,POP UP BEVERAGE,Stories Sour 2,POP UP BEVERAGE,POP UP BEVERAGE,18,0
Division,POP UP BEVERAGE,Stories Sour 2,POP UP BEVERAGE,POP UP BEVERAGE,18,0
Group,OFFER,Stories Sour 2,OFFER,OFFER,18,7900
Division,OFFER,Stories Sour 2,OFFER,OFFER,18,7900
Group,PACKAGED FOOD,Stories Sour 2,GRAB&GO FOOD,PACKAGED FOOD,524,83786.67
Group,SALADS,Stories Sour 2,GRAB&GO FOOD,SALADS,136,69073.33
Group,FRUITS,Stories Sour 2,GRAB&GO FOOD,FRUITS,34,13373.33
Group,PACKAGED DESSERT,Stories Sour 2,GRAB&GO FOOD,PACKAGED DESSERT,237,96723.33
Division,GRAB&GO FOOD,Stories Sour 2,GRAB&GO FOOD,PACKAGED DESSERT,931,262956.67
Group,DONUTS,Stories Sour 2,DONUTS,DONUTS,67,13400
Division,DONUTS,Stories Sour 2,DONUTS,DONUTS,67,13400
Branch,Stories Sour 2,Stories Sour 2,DONUTS,DONUTS,139284.7,18937630.05
Group,BLACK COFFEE,Stories Event Starco,HOT BAR SECTION,BLACK COFFEE,436,73663.66
Group,MIXED HOT BEVERAGE,Stories Event Starco,HOT BAR SECTION,MIXED HOT BEVERAGE,807,187381.38
Division,HOT BAR SECTION,Stories Event Starco,HOT BAR SECTION,MIXED HOT BEVERAGE,1243,261045.05
Group,MIXED COLD BEVERAGES,Stories Event Starco,COLD BAR SECTION,MIXED COLD BEVERAGES,397,71669.67
Group,BLENDED BRINKS,Stories Event Starco,COLD BAR SECTION,BLENDED BRINKS,270,67117.12
Group,ADD SYRUP,Stories Event Starco,COLD BAR SECTION,ADD SYRUP,325,10036.04
Group,REPLACE,Stories Event Starco,COLD BAR SECTION,REPLACE,106,2702.7
Division,COLD BAR SECTION,Stories Event Starco,COLD BAR SECTION,REPLACE,1098,151525.53
Group,SOFT DRINKS,Stories Event Starco,GRAB&GO BEVERAGES,SOFT DRINKS,1008,54168.17
Division,GRAB&GO BEVERAGES,Stories Event Starco,GRAB&GO BEVERAGES,SOFT DRINKS,1008,54168.17
Group,COFFEE PASTRY,Stories Event Starco,COFFEE PASTRY,COFFEE PASTRY,89,21435.44
Division,COFFEE PASTRY,Stories Event Starco,COFFEE PASTRY,COFFEE PASTRY,89,21435.44
Group,FRENCH PASTRY,Stories Event Starco,FRENCH PASTRY,FRENCH PASTRY,30,8618.62
Division,FRENCH PASTRY,Stories Event Starco,FRENCH PASTRY,FRENCH PASTRY,30,8618.62
Group,COMBO TOPPINGS,Stories Event Starco,FROZEN YOGHURT,COMBO TOPPINGS,732,0
Group,TOPPINGS,Stories Event Starco,FROZEN YOGHURT,TOPPINGS,29,1873.87
Group,FROZEN YOGHURT,Stories Event Starco,FROZEN YOGHURT,FROZEN YOGHURT,236.5,85594.59
Division,FROZEN YOGHURT,Stories Event Starco,FROZEN YOGHURT,FROZEN YOGHURT,997.5,87468.47
Group,PACKAGED FOOD,Stories Event Starco,GRAB&GO FOOD,PACKAGED FOOD,18,2306.31
Group,PACKAGED DESSERT,Stories Event Starco,GRAB&GO FOOD,PACKAGED DESSERT,29,10744.74
Division,GRAB&GO FOOD,Stories Event Starco,GRAB&GO FOOD,PACKAGED DESSERT,47,13051.05
Branch,Stories Event Starco,Stories Event Starco,GRAB&GO FOOD,PACKAGED DESSERT,4512.5,597312.31
Group,BLACK COFFEE,Stories Zalka,HOT BAR SECTION,BLACK COFFEE,45503,8410292.71
Group,MIXED HOT BEVERAGE,Stories Zalka,HOT BAR SECTION,MIXED HOT BEVERAGE,60038.5,13541027.91
Group,TEA,Stories Zalka,HOT BAR SECTION,TEA,8864,1447909
Group,BEANS,Stories Zalka,HOT BAR SECTION,BEANS,117,61714.11
Division,HOT BAR SECTION,Stories Zalka,HOT BAR SECTION,BEANS,114522.5,23460943.73
Group,MIXED COLD BEVERAGES,Stories Zalka,COLD BAR SECTION,MIXED COLD BEVERAGES,59551,14057139.71
Group,BLENDED BRINKS,Stories Zalka,COLD BAR SECTION,BLENDED BRINKS,26538,6505316.48
Group,ICE TEA,Stories Zalka,COLD BAR SECTION,ICE TEA,3542,538157.66
Group,ADD SYRUP,Stories Zalka,COLD BAR SECTION,ADD SYRUP,59911,1795612.06
Group,REPLACE,Stories Zalka,COLD BAR SECTION,REPLACE,30084,996411.42
Division,COLD BAR SECTION,Stories Zalka,COLD BAR SECTION,REPLACE,179626,23892637.32
Group,SOFT DRINKS,Stories Zalka,GRAB&GO BEVERAGES,SOFT DRINKS,119251,6459879.57
Division,GRAB&GO BEVERAGES,Stories Zalka,GRAB&GO BEVERAGES,SOFT DRINKS,119251,6459879.57
Group,COFFEE PASTRY,Stories Zalka,COFFEE PASTRY,COFFEE PASTRY,10168,2671555.87
Division,COFFEE PASTRY,Stories Zalka,COFFEE PASTRY,COFFEE PASTRY,10168,2671555.87
Group,CROISSANT,Stories Zalka,CROISSANT,CROISSANT,6836,1386622.23
Division,CROISSANT,Stories Zalka,CROISSANT,CROISSANT,6836,1386622.23
Group,COOKIES,Stories Zalka,COOKIES,COOKIES,839,264567.57
Division,COOKIES,Stories Zalka,COOKIES,COOKIES,839,264567.57
Group,FRENCH PASTRY,Stories Zalka,FRENCH PASTRY,FRENCH PASTRY,5549,1550102.41
Division,FRENCH PASTRY,Stories Zalka,FRENCH PASTRY,FRENCH PASTRY,5549,1550102.41
Group,COMBO TOPPINGS,Stories Zalka,FROZEN YOGHURT,COMBO TOPPINGS,224987,0
Group,TOPPINGS,Stories Zalka,FROZEN YOGHURT,TOPPINGS,8315.5,557887.69
Group,LUXURY TOPPINGS,Stories Zalka,FROZEN YOGHURT,LUXURY TOPPINGS,11292,1134914.41
Group,FROZEN YOGHURT,Stories Zalka,FROZEN YOGHURT,FROZEN YOGHURT,65717.45,22311470.2
Group,SPECIALTY YOGHURT,Stories Zalka,FROZEN YOGHURT,SPECIALTY YOGHURT,112.5,28166.67
Division,FROZEN YOGHURT,Stories Zalka,FROZEN YOGHURT,SPECIALTY YOGHURT,310424.45,24032438.96
Group,SALADS BAR,Stories Zalka,SALADS BAR,SALADS BAR,1618,1166126.12
Division,SALADS BAR,Stories Zalka,SALADS BAR,SALADS BAR,1618,1166126.12
Group,PLAT DU JOUR,Stories Zalka,PLAT DE JOUR,PLAT DU JOUR,150,94594.6
Division,PLAT DE JOUR,Stories Zalka,PLAT DE JOUR,PLAT DU JOUR,150,94594.6
Group,SUB SANDWICHES,Stories Zalka,SANDWICHES,SUB SANDWICHES,25182,7608272.69
Division,SANDWICHES,Stories Zalka,SANDWICHES,SUB SANDWICHES,25182,7608272.69
Group,CINNAMONS,Stories Zalka,CINNAMON ROLLS,CINNAMONS,10015,2985493.7
Division,CINNAMON ROLLS,Stories Zalka,CINNAMON ROLLS,CINNAMONS,10015,2985493.7
Group,NOT USED,Stories Zalka,NOT USED,NOT USED,7544,2002916.67
Division,NOT USED,Stories Zalka,NOT USED,NOT USED,7544,2002916.67
Group,ADD ONS,Stories Zalka,SUBS,ADD ONS,2357,265310.51
Division,SUBS,Stories Zalka,SUBS,ADD ONS,2357,265310.51
Group,POP UP BEVERAGE,Stories Zalka,POP UP BEVERAGE,POP UP BEVERAGE,9,0
Division,POP UP BEVERAGE,Stories Zalka,POP UP BEVERAGE,POP UP BEVERAGE,9,0
Group,OFFER,Stories Zalka,OFFER,OFFER,9,3693.69
Division,OFFER,Stories Zalka,OFFER,OFFER,9,3693.69
Group,PACKAGED FOOD,Stories Zalka,GRAB&GO FOOD,PACKAGED FOOD,4324,587066.67
Group,SALADS,Stories Zalka,GRAB&GO FOOD,SALADS,2174,999297.3
Group,FRUITS,Stories Zalka,GRAB&GO FOOD,FRUITS,2106,614020
Group,PACKAGED DESSERT,Stories Zalka,GRAB&GO FOOD,PACKAGED DESSERT,893,325600.6
Division,GRAB&GO FOOD,Stories Zalka,GRAB&GO FOOD,PACKAGED DESSERT,9497,2525984.56
Group,DONUTS,Stories Zalka,DONUTS,DONUTS,2055,411000
Division,DONUTS,Stories Zalka,DONUTS,DONUTS,2055,411000
Branch,Stories Zalka,Stories Zalka,DONUTS,DONUTS,805651.95,100782140.2
Group,BLACK COFFEE,Stories Antelias,HOT BAR SECTION,BLACK COFFEE,9945.5,1874779.52
Group,MIXED HOT BEVERAGE,Stories Antelias,HOT BAR SECTION,MIXED HOT BEVERAGE,17994,4162688.7
Group,TEA,Stories Antelias,HOT BAR SECTION,TEA,2267,255680.18
Group,BEANS,Stories Antelias,HOT BAR SECTION,BEANS,35.5,19286.49
Division,HOT BAR SECTION,Stories Antelias,HOT BAR SECTION,BEANS,30242,6312434.89
Group,MIXED COLD BEVERAGES,Stories Antelias,COLD BAR SECTION,MIXED COLD BEVERAGES,18264,4391110.75
Group,BLENDED BRINKS,Stories Antelias,COLD BAR SECTION,BLENDED BRINKS,7230,1840198.72
Group,ICE TEA,Stories Antelias,COLD BAR SECTION,ICE TEA,442,72897.9
Group,ADD SYRUP,Stories Antelias,COLD BAR SECTION,ADD SYRUP,16975,508398.93
Group,REPLACE,Stories Antelias,COLD BAR SECTION,REPLACE,15318,452911
Division,COLD BAR SECTION,Stories Antelias,COLD BAR SECTION,REPLACE,58229,7265517.29
Group,SOFT DRINKS,Stories Antelias,GRAB&GO BEVERAGES,SOFT DRINKS,13374,737383.13
Division,GRAB&GO BEVERAGES,Stories Antelias,GRAB&GO BEVERAGES,SOFT DRINKS,13374,737383.13
Group,COFFEE PASTRY,Stories Antelias,COFFEE PASTRY,COFFEE PASTRY,4334,1131097.3
Division,COFFEE PASTRY,Stories Antelias,COFFEE PASTRY,COFFEE PASTRY,4334,1131097.3
Group,CROISSANT,Stories Antelias,CROISSANT,CROISSANT,3016,634341.38
Division,CROISSANT,Stories Antelias,CROISSANT,CROISSANT,3016,634341.38
Group,COOKIES,Stories Antelias,COOKIES,COOKIES,503,160432.43
Division,COOKIES,Stories Antelias,COOKIES,COOKIES,503,160432.43
Group,FRENCH PASTRY,Stories Antelias,FRENCH PASTRY,FRENCH PASTRY,2021,561103.67
Division,FRENCH PASTRY,Stories Antelias,FRENCH PASTRY,FRENCH PASTRY,2021,561103.67
Group,COMBO TOPPINGS,Stories Antelias,FROZEN YOGHURT,COMBO TOPPINGS,78615,0
Group,TOPPINGS,Stories Antelias,FROZEN YOGHURT,TOPPINGS,2541,179807.09
Group,LUXURY TOPPINGS,Stories Antelias,FROZEN YOGHURT,LUXURY TOPPINGS,4157,435906.27
Group,FROZEN YOGHURT,Stories Antelias,FROZEN YOGHURT,FROZEN YOGHURT,27344,8360295.53
Division,FROZEN YOGHURT,Stories Antelias,FROZEN YOGHURT,FROZEN YOGHURT,112657,8976008.89
Group,SUB SANDWICHES,Stories Antelias,SANDWICHES,SUB SANDWICHES,5153,1457070.66
Division,SANDWICHES,Stories Antelias,SANDWICHES,SUB SANDWICHES,5153,1457070.66
Group,CINNAMONS,Stories Antelias,CINNAMON ROLLS,CINNAMONS,2741,714597
Division,CINNAMON ROLLS,Stories Antelias,CINNAMON ROLLS,CINNAMONS,2741,714597
Group,PACKAGING,Stories Antelias,CARTON,PACKAGING,5838,0
Division,CARTON,Stories Antelias,CARTON,PACKAGING,5838,0
Group,NOT USED,Stories Antelias,NOT USED,NOT USED,998.5,103101.56
Division,NOT USED,Stories Antelias,NOT USED,NOT USED,998.5,103101.56
Group,ADD ONS,Stories Antelias,SUBS,ADD ONS,167.5,17946.52
Division,SUBS,Stories Antelias,SUBS,ADD ONS,167.5,17946.52
Group,POP UP BEVERAGE,Stories Antelias,POP UP BEVERAGE,POP UP BEVERAGE,5,0
Division,POP UP BEVERAGE,Stories Antelias,POP UP BEVERAGE,POP UP BEVERAGE,5,0
Group,OFFER,Stories Antelias,OFFER,OFFER,5,1891.89
Division,OFFER,Stories Antelias,OFFER,OFFER,5,1891.89
Group,PACKAGED FOOD,Stories Antelias,GRAB&GO FOOD,PACKAGED FOOD,865,137577.54
Group,SALADS,Stories Antelias,GRAB&GO FOOD,SALADS,499,234593.21
Group,FRUITS,Stories Antelias,GRAB&GO FOOD,FRUITS,395,145558.11
Group,PACKAGED DESSERT,Stories Antelias,GRAB&GO FOOD,PACKAGED DESSERT,170,63753.75
Division,GRAB&GO FOOD,Stories Antelias,GRAB&GO FOOD,PACKAGED DESSERT,1929,581482.61
Group,DONUTS,Stories Antelias,DONUTS,DONUTS,647,134480
Division,DONUTS,Stories Antelias,DONUTS,DONUTS,647,134480
Group,HEALTHY SECTION,Stories Antelias,HEALTHY SECTION,HEALTHY SECTION,0,0
Division,HEALTHY SECTION,Stories Antelias,HEALTHY SECTION,HEALTHY SECTION,0,0
Branch,Stories Antelias,Stories Antelias,HEALTHY SECTION,HEALTHY SECTION,241860,28788889.23
Group,BLACK COFFEE,Stories Verdun,HOT BAR SECTION,BLACK COFFEE,4133,716811.99
Group,MIXED HOT BEVERAGE,Stories Verdun,HOT BAR SECTION,MIXED HOT BEVERAGE,15966.8,3844495.84
Group,TEA,Stories Verdun,HOT BAR SECTION,TEA,377,27433.93
Group,BEANS,Stories Verdun,HOT BAR SECTION,BEANS,20,9926.73
Division,HOT BAR SECTION,Stories Verdun,HOT BAR SECTION,BEANS,20496.8,4598668.5
Group,MIXED COLD BEVERAGES,Stories Verdun,COLD BAR SECTION,MIXED COLD BEVERAGES,16290.92,4012610.04
Group,BLENDED BRINKS,Stories Verdun,COLD BAR SECTION,BLENDED BRINKS,11287,2949468.17
Group,ICE TEA,Stories Verdun,COLD BAR SECTION,ICE TEA,261,40314.11
Group,ADD SYRUP,Stories Verdun,COLD BAR SECTION,ADD SYRUP,20557.7,680433.72
Group,REPLACE,Stories Verdun,COLD BAR SECTION,REPLACE,14134.5,379315.41
Division,COLD BAR SECTION,Stories Verdun,COLD BAR SECTION,REPLACE,62531.12,8062141.45
Group,SOFT DRINKS,Stories Verdun,GRAB&GO BEVERAGES,SOFT DRINKS,6914,349788.2
Division,GRAB&GO BEVERAGES,Stories Verdun,GRAB&GO BEVERAGES,SOFT DRINKS,6914,349788.2
Group,COFFEE PASTRY,Stories Verdun,COFFEE PASTRY,COFFEE PASTRY,2530,593534.63
Division,COFFEE PASTRY,Stories Verdun,COFFEE PASTRY,COFFEE PASTRY,2530,593534.63
Group,CROISSANT,Stories Verdun,CROISSANT,CROISSANT,1894,408538.02
Division,CROISSANT,Stories Verdun,CROISSANT,CROISSANT,1894,408538.02
Group,COOKIES,Stories Verdun,COOKIES,COOKIES,464,152625.83
Division,COOKIES,Stories Verdun,COOKIES,COOKIES,464,152625.83
Group,FRENCH PASTRY,Stories Verdun,FRENCH PASTRY,FRENCH PASTRY,338,110385.41
Division,FRENCH PASTRY,Stories Verdun,FRENCH PASTRY,FRENCH PASTRY,338,110385.41
Group,COMBO TOPPINGS,Stories Verdun,FROZEN YOGHURT,COMBO TOPPINGS,60381,0
Group,TOPPINGS,Stories Verdun,FROZEN YOGHURT,TOPPINGS,3853,277828.77
Group,LUXURY TOPPINGS,Stories Verdun,FROZEN YOGHURT,LUXURY TOPPINGS,2850,310002.13
Group,FROZEN YOGHURT,Stories Verdun,FROZEN YOGHURT,FROZEN YOGHURT,18898.7,6528235.98
Group,SPECIALTY YOGHURT,Stories Verdun,FROZEN YOGHURT,SPECIALTY YOGHURT,14.5,833.33
Division,FROZEN YOGHURT,Stories Verdun,FROZEN YOGHURT,SPECIALTY YOGHURT,85997.2,7116900.21
Group,CINNAMONS,Stories Verdun,CINNAMON ROLLS,CINNAMONS,2532,684125.89
Division,CINNAMON ROLLS,Stories Verdun,CINNAMON ROLLS,CINNAMONS,2532,684125.89
Group,PACKAGING,Stories Verdun,CARTON,PACKAGING,7891,0
Division,CARTON,Stories Verdun,CARTON,PACKAGING,7891,0
Group,NOT USED,Stories Verdun,NOT USED,NOT USED,476.5,83956.67
Division,NOT USED,Stories Verdun,NOT USED,NOT USED,476.5,83956.67
Group,POP UP BEVERAGE,Stories Verdun,POP UP BEVERAGE,POP UP BEVERAGE,3,0
Division,POP UP BEVERAGE,Stories Verdun,POP UP BEVERAGE,POP UP BEVERAGE,3,0
Group,OFFER,Stories Verdun,OFFER,OFFER,3,1171.17
Division,OFFER,Stories Verdun,OFFER,OFFER,3,1171.17
Group,PACKAGED FOOD,Stories Verdun,GRAB&GO FOOD,PACKAGED FOOD,375,69486.01
Group,PACKAGED DESSERT,Stories Verdun,GRAB&GO FOOD,PACKAGED DESSERT,42,15765.77
Division,GRAB&GO FOOD,Stories Verdun,GRAB&GO FOOD,PACKAGED DESSERT,417,85251.77
Group,DONUTS,Stories Verdun,DONUTS,DONUTS,515,106600
Division,DONUTS,Stories Verdun,DONUTS,DONUTS,515,106600
Branch,Stories Verdun,Stories Verdun,DONUTS,DONUTS,193002.62,22353687.74
Group,BLACK COFFEE,Stories Khaldeh,HOT BAR SECTION,BLACK COFFEE,21210,3738227.54
Group,MIXED HOT BEVERAGE,Stories Khaldeh,HOT BAR SECTION,MIXED HOT BEVERAGE,58631,13522435.01
Group,TEA,Stories Khaldeh,HOT BAR SECTION,TEA,1888,259091.29
Group,BEANS,Stories Khaldeh,HOT BAR SECTION,BEANS,176,96804.8
Division,HOT BAR SECTION,Stories Khaldeh,HOT BAR SECTION,BEANS,81905,17616558.65
Group,MIXED COLD BEVERAGES,Stories Khaldeh,COLD BAR SECTION,MIXED COLD BEVERAGES,53129,12682016.58
Group,BLENDED BRINKS,Stories Khaldeh,COLD BAR SECTION,BLENDED BRINKS,40849,10311415.06
Group,ICE TEA,Stories Khaldeh,COLD BAR SECTION,ICE TEA,1916,355662.16
Group,ADD SYRUP,Stories Khaldeh,COLD BAR SECTION,ADD SYRUP,62508,2016999.23
Group,REPLACE,Stories Khaldeh,COLD BAR SECTION,REPLACE,30729,731543.43
Division,COLD BAR SECTION,Stories Khaldeh,COLD BAR SECTION,REPLACE,189131,26097636.46
Group,SOFT DRINKS,Stories Khaldeh,GRAB&GO BEVERAGES,SOFT DRINKS,41954,2168297.74
Division,GRAB&GO BEVERAGES,Stories Khaldeh,GRAB&GO BEVERAGES,SOFT DRINKS,41954,2168297.74
Group,COFFEE PASTRY,Stories Khaldeh,COFFEE PASTRY,COFFEE PASTRY,13252,3410708.87
Division,COFFEE PASTRY,Stories Khaldeh,COFFEE PASTRY,COFFEE PASTRY,13252,3410708.87
Group,CROISSANT,Stories Khaldeh,CROISSANT,CROISSANT,4253,879868.71
Division,CROISSANT,Stories Khaldeh,CROISSANT,CROISSANT,4253,879868.71
Group,COOKIES,Stories Khaldeh,COOKIES,COOKIES,2489,769611.11
Division,COOKIES,Stories Khaldeh,COOKIES,COOKIES,2489,769611.11
Group,FRENCH PASTRY,Stories Khaldeh,FRENCH PASTRY,FRENCH PASTRY,6444,1793823.19
Division,FRENCH PASTRY,Stories Khaldeh,FRENCH PASTRY,FRENCH PASTRY,6444,1793823.19
Group,COMBO TOPPINGS,Stories Khaldeh,FROZEN YOGHURT,COMBO TOPPINGS,131985,0
Group,TOPPINGS,Stories Khaldeh,FROZEN YOGHURT,TOPPINGS,6465,434883.73
Group,LUXURY TOPPINGS,Stories Khaldeh,FROZEN YOGHURT,LUXURY TOPPINGS,7326,748685.07
Group,FROZEN YOGHURT,Stories Khaldeh,FROZEN YOGHURT,FROZEN YOGHURT,43580.95,13379604.69
Group,SPECIALTY YOGHURT,Stories Khaldeh,FROZEN YOGHURT,SPECIALTY YOGHURT,168,30866.67
Division,FROZEN YOGHURT,Stories Khaldeh,FROZEN YOGHURT,SPECIALTY YOGHURT,189524.95,14594040.16
Group,SUB SANDWICHES,Stories Khaldeh,SANDWICHES,SUB SANDWICHES,13918,3856891.57
Division,SANDWICHES,Stories Khaldeh,SANDWICHES,SUB SANDWICHES,13918,3856891.57
Group,CINNAMONS,Stories Khaldeh,CINNAMON ROLLS,CINNAMONS,9527,2924227.34
Division,CINNAMON ROLLS,Stories Khaldeh,CINNAMON ROLLS,CINNAMONS,9527,2924227.34
Group,PACKAGING,Stories Khaldeh,CARTON,PACKAGING,4569,0
Division,CARTON,Stories Khaldeh,CARTON,PACKAGING,4569,0
Group,NOT USED,Stories Khaldeh,NOT USED,NOT USED,6024.7,1208746.73
Division,NOT USED,Stories Khaldeh,NOT USED,NOT USED,6024.7,1208746.73
Group,ADD ONS,Stories Khaldeh,SUBS,ADD ONS,1441,167148.89
Division,SUBS,Stories Khaldeh,SUBS,ADD ONS,1441,167148.89
Group,POP UP BEVERAGE,Stories Khaldeh,POP UP BEVERAGE,POP UP BEVERAGE,13,0
Division,POP UP BEVERAGE,Stories Khaldeh,POP UP BEVERAGE,POP UP BEVERAGE,13,0
Group,OFFER,Stories Khaldeh,OFFER,OFFER,13,5165.17
Division,OFFER,Stories Khaldeh,OFFER,OFFER,13,5165.17
Group,PACKAGED FOOD,Stories Khaldeh,GRAB&GO FOOD,PACKAGED FOOD,2492,347405.95
Group,SALADS,Stories Khaldeh,GRAB&GO FOOD,SALADS,1365,632202.22
Group,FRUITS,Stories Khaldeh,GRAB&GO FOOD,FRUITS,686,222732.88
Group,PACKAGED DESSERT,Stories Khaldeh,GRAB&GO FOOD,PACKAGED DESSERT,348,127483.48
Division,GRAB&GO FOOD,Stories Khaldeh,GRAB&GO FOOD,PACKAGED DESSERT,4891,1329824.53
Group,DONUTS,Stories Khaldeh,DONUTS,DONUTS,1223,248920
Division,DONUTS,Stories Khaldeh,DONUTS,DONUTS,1223,248920
Group,HEALTHY SECTION,Stories Khaldeh,HEALTHY SECTION,HEALTHY SECTION,17,4054.05
Division,HEALTHY SECTION,Stories Khaldeh,HEALTHY SECTION,HEALTHY SECTION,17,4054.05
Branch,Stories Khaldeh,Stories Khaldeh,HEALTHY SECTION,HEALTHY SECTION,570589.65,77075523.17
Group,BLACK COFFEE,Stories Bayada,HOT BAR SECTION,BLACK COFFEE,25333,4588627.54
Group,MIXED HOT BEVERAGE,Stories Bayada,HOT BAR SECTION,MIXED HOT BEVERAGE,29679,6178857.33
Group,TEA,Stories Bayada,HOT BAR SECTION,TEA,5610,869212.61
Group,BEANS,Stories Bayada,HOT BAR SECTION,BEANS,90,48977.78
Division,HOT BAR SECTION,Stories Bayada,HOT BAR SECTION,BEANS,60712,11685675.26
Group,MIXED COLD BEVERAGES,Stories Bayada,COLD BAR SECTION,MIXED COLD BEVERAGES,31701,7392982.38
Group,BLENDED BRINKS,Stories Bayada,COLD BAR SECTION,BLENDED BRINKS,14265,3432346.05
Group,ICE TEA,Stories Bayada,COLD BAR SECTION,ICE TEA,1048,217916.52
Group,ADD SYRUP,Stories Bayada,COLD BAR SECTION,ADD SYRUP,26995,669298.52
Group,REPLACE,Stories Bayada,COLD BAR SECTION,REPLACE,18593,751323.7
Division,COLD BAR SECTION,Stories Bayada,COLD BAR SECTION,REPLACE,92602,12463867.17
Group,SOFT DRINKS,Stories Bayada,GRAB&GO BEVERAGES,SOFT DRINKS,52785,2784552.3
Division,GRAB&GO BEVERAGES,Stories Bayada,GRAB&GO BEVERAGES,SOFT DRINKS,52785,2784552.3
Group,COFFEE PASTRY,Stories Bayada,COFFEE PASTRY,COFFEE PASTRY,5557,1471117.96
Division,COFFEE PASTRY,Stories Bayada,COFFEE PASTRY,COFFEE PASTRY,5557,1471117.96
Group,CROISSANT,Stories Bayada,CROISSANT,CROISSANT,6036,1220226.49
Division,CROISSANT,Stories Bayada,CROISSANT,CROISSANT,6036,1220226.49
Group,COOKIES,Stories Bayada,COOKIES,COOKIES,1128,355954.95
Division,COOKIES,Stories Bayada,COOKIES,COOKIES,1128,355954.95
Group,FRENCH PASTRY,Stories Bayada,FRENCH PASTRY,FRENCH PASTRY,3017,858977.9
Division,FRENCH PASTRY,Stories Bayada,FRENCH PASTRY,FRENCH PASTRY,3017,858977.9
Group,COMBO TOPPINGS,Stories Bayada,FROZEN YOGHURT,COMBO TOPPINGS,100572.5,0
Group,TOPPINGS,Stories Bayada,FROZEN YOGHURT,TOPPINGS,4326,293064.45
Group,LUXURY TOPPINGS,Stories Bayada,FROZEN YOGHURT,LUXURY TOPPINGS,5721,578905.46
Group,FROZEN YOGHURT,Stories Bayada,FROZEN YOGHURT,FROZEN YOGHURT,59506.5,10564110.55
Group,SPECIALTY YOGHURT,Stories Bayada,FROZEN YOGHURT,SPECIALTY YOGHURT,1143,31643.84
Division,FROZEN YOGHURT,Stories Bayada,FROZEN YOGHURT,SPECIALTY YOGHURT,171269,11467724.3
Group,SALADS BAR,Stories Bayada,SALADS BAR,SALADS BAR,1127,857837.84
Division,SALADS BAR,Stories Bayada,SALADS BAR,SALADS BAR,1127,857837.84
Group,SUB SANDWICHES,Stories Bayada,SANDWICHES,SUB SANDWICHES,9554,2475250.82
Division,SANDWICHES,Stories Bayada,SANDWICHES,SUB SANDWICHES,9554,2475250.82
Group,CINNAMONS,Stories Bayada,CINNAMON ROLLS,CINNAMONS,4972,1459129.73
Division,CINNAMON ROLLS,Stories Bayada,CINNAMON ROLLS,CINNAMONS,4972,1459129.73
Group,NOT USED,Stories Bayada,NOT USED,NOT USED,3265.5,809435.71
Division,NOT USED,Stories Bayada,NOT USED,NOT USED,3265.5,809435.71
Group,ADD ONS,Stories Bayada,SUBS,ADD ONS,636,70687.99
Division,SUBS,Stories Bayada,SUBS,ADD ONS,636,70687.99
Group,POP UP BEVERAGE,Stories Bayada,POP UP BEVERAGE,POP UP BEVERAGE,5,0
Division,POP UP BEVERAGE,Stories Bayada,POP UP BEVERAGE,POP UP BEVERAGE,5,0
Group,OFFER,Stories Bayada,OFFER,OFFER,5,2132.13
Division,OFFER,Stories Bayada,OFFER,OFFER,5,2132.13
Group,PACKAGED FOOD,Stories Bayada,GRAB&GO FOOD,PACKAGED FOOD,2155,291161.68
Group,FRUITS,Stories Bayada,GRAB&GO FOOD,FRUITS,1229,364972.88
Group,PACKAGED DESSERT,Stories Bayada,GRAB&GO FOOD,PACKAGED DESSERT,319,116651.65
Division,GRAB&GO FOOD,Stories Bayada,GRAB&GO FOOD,PACKAGED DESSERT,3703,772786.22
Group,DONUTS,Stories Bayada,DONUTS,DONUTS,345,68993.87
Division,DONUTS,Stories Bayada,DONUTS,DONUTS,345,68993.87
Branch,Stories Bayada,Stories Bayada,DONUTS,DONUTS,416718.5,48824350.64
Group,BLACK COFFEE,Stories Le Mall,HOT BAR SECTION,BLACK COFFEE,14765,2688788.11
Group,MIXED HOT BEVERAGE,Stories Le Mall,HOT BAR SECTION,MIXED HOT BEVERAGE,22778,4994017.33
Group,TEA,Stories Le Mall,HOT BAR SECTION,TEA,2157,312355.85
Group,BEANS,Stories Le Mall,HOT BAR SECTION,BEANS,30,15554.35
Division,HOT BAR SECTION,Stories Le Mall,HOT BAR SECTION,BEANS,39730,8010715.65
Group,MIXED COLD BEVERAGES,Stories Le Mall,COLD BAR SECTION,MIXED COLD BEVERAGES,26551,6046859.76
Group,BLENDED BRINKS,Stories Le Mall,COLD BAR SECTION,BLENDED BRINKS,12915,3234541.69
Group,ICE TEA,Stories Le Mall,COLD BAR SECTION,ICE TEA,1136,248801.5
Group,ADD SYRUP,Stories Le Mall,COLD BAR SECTION,ADD SYRUP,22130,626815.04
Group,REPLACE,Stories Le Mall,COLD BAR SECTION,REPLACE,13516.5,525957.9
Division,COLD BAR SECTION,Stories Le Mall,COLD BAR SECTION,REPLACE,76248.5,10682975.9
Group,SOFT DRINKS,Stories Le Mall,GRAB&GO BEVERAGES,SOFT DRINKS,39439,2048586.09
Division,GRAB&GO BEVERAGES,Stories Le Mall,GRAB&GO BEVERAGES,SOFT DRINKS,39439,2048586.09
Group,COFFEE PASTRY,Stories Le Mall,COFFEE PASTRY,COFFEE PASTRY,6830,1743605.41
Division,COFFEE PASTRY,Stories Le Mall,COFFEE PASTRY,COFFEE PASTRY,6830,1743605.41
Group,CROISSANT,Stories Le Mall,CROISSANT,CROISSANT,3534,712106.91
Division,CROISSANT,Stories Le Mall,CROISSANT,CROISSANT,3534,712106.91
Group,COOKIES,Stories Le Mall,COOKIES,COOKIES,652,206234.23
Division,COOKIES,Stories Le Mall,COOKIES,COOKIES,652,206234.23
Group,FRENCH PASTRY,Stories Le Mall,FRENCH PASTRY,FRENCH PASTRY,3106,845554.36
Division,FRENCH PASTRY,Stories Le Mall,FRENCH PASTRY,FRENCH PASTRY,3106,845554.36
Group,COMBO TOPPINGS,Stories Le Mall,FROZEN YOGHURT,COMBO TOPPINGS,124880,0
Group,TOPPINGS,Stories Le Mall,FROZEN YOGHURT,TOPPINGS,3889,261980.18
Group,LUXURY TOPPINGS,Stories Le Mall,FROZEN YOGHURT,LUXURY TOPPINGS,3072.5,307084.68
Group,FROZEN YOGHURT,Stories Le Mall,FROZEN YOGHURT,FROZEN YOGHURT,41884.95,13310085.7
Group,SPECIALTY YOGHURT,Stories Le Mall,FROZEN YOGHURT,SPECIALTY YOGHURT,234,36233.33
Division,FROZEN YOGHURT,Stories Le Mall,FROZEN YOGHURT,SPECIALTY YOGHURT,173960.45,13915383.9
Group,SALADS BAR,Stories Le Mall,SALADS BAR,SALADS BAR,619,472526.13
Division,SALADS BAR,Stories Le Mall,SALADS BAR,SALADS BAR,619,472526.13
Group,SUB SANDWICHES,Stories Le Mall,SANDWICHES,SUB SANDWICHES,6727,1617646.55
Division,SANDWICHES,Stories Le Mall,SANDWICHES,SUB SANDWICHES,6727,1617646.55
Group,CINNAMONS,Stories Le Mall,CINNAMON ROLLS,CINNAMONS,5441,1649062.47
Division,CINNAMON ROLLS,Stories Le Mall,CINNAMON ROLLS,CINNAMONS,5441,1649062.47
Group,PACKAGING,Stories Le Mall,CARTON,PACKAGING,1,0
Division,CARTON,Stories Le Mall,CARTON,PACKAGING,1,0
Group,NOT USED,Stories Le Mall,NOT USED,NOT USED,3777.5,514595.5
Division,NOT USED,Stories Le Mall,NOT USED,NOT USED,3777.5,514595.5
Group,ADD ONS,Stories Le Mall,SUBS,ADD ONS,388.6,43866.37
Division,SUBS,Stories Le Mall,SUBS,ADD ONS,388.6,43866.37
Group,POP UP BEVERAGE,Stories Le Mall,POP UP BEVERAGE,POP UP BEVERAGE,22,0
Division,POP UP BEVERAGE,Stories Le Mall,POP UP BEVERAGE,POP UP BEVERAGE,22,0
Group,OFFER,Stories Le Mall,OFFER,OFFER,22,8618.62
Division,OFFER,Stories Le Mall,OFFER,OFFER,22,8618.62
Group,PACKAGED FOOD,Stories Le Mall,GRAB&GO FOOD,PACKAGED FOOD,1545,228185.59
Group,SALADS,Stories Le Mall,GRAB&GO FOOD,SALADS,135,62114.11
Group,FRUITS,Stories Le Mall,GRAB&GO FOOD,FRUITS,556,181444.74
Group,PACKAGED DESSERT,Stories Le Mall,GRAB&GO FOOD,PACKAGED DESSERT,288,105294.29
Division,GRAB&GO FOOD,Stories Le Mall,GRAB&GO FOOD,PACKAGED DESSERT,2524,577038.74
Branch,Stories Le Mall,Stories Le Mall,GRAB&GO FOOD,PACKAGED DESSERT,363022.05,43048516.82
Group,BLACK COFFEE,Stories Batroun,HOT BAR SECTION,BLACK COFFEE,26650,4876724.96
Group,MIXED HOT BEVERAGE,Stories Batroun,HOT BAR SECTION,MIXED HOT BEVERAGE,39861.3,8406701.24
Group,TEA,Stories Batroun,HOT BAR SECTION,TEA,4344,702587.68
Group,BEANS,Stories Batroun,HOT BAR SECTION,BEANS,66.5,33760.96
Division,HOT BAR SECTION,Stories Batroun,HOT BAR SECTION,BEANS,70921.8,14019774.84
Group,MIXED COLD BEVERAGES,Stories Batroun,COLD BAR SECTION,MIXED COLD BEVERAGES,36183,8396886.24
Group,BLENDED BRINKS,Stories Batroun,COLD BAR SECTION,BLENDED BRINKS,17164,4201530.33
Group,ICE TEA,Stories Batroun,COLD BAR SECTION,ICE TEA,1292,243833.81
Group,ADD SYRUP,Stories Batroun,COLD BAR SECTION,ADD SYRUP,28398.5,760682.43
Group,REPLACE,Stories Batroun,COLD BAR SECTION,REPLACE,15850,531056.87
Division,COLD BAR SECTION,Stories Batroun,COLD BAR SECTION,REPLACE,98887.5,14133989.68
Group,SOFT DRINKS,Stories Batroun,GRAB&GO BEVERAGES,SOFT DRINKS,46632,2405600.07
Division,GRAB&GO BEVERAGES,Stories Batroun,GRAB&GO BEVERAGES,SOFT DRINKS,46632,2405600.07
Group,COFFEE PASTRY,Stories Batroun,COFFEE PASTRY,COFFEE PASTRY,6192,1731926.79
Division,COFFEE PASTRY,Stories Batroun,COFFEE PASTRY,COFFEE PASTRY,6192,1731926.79
Group,CROISSANT,Stories Batroun,CROISSANT,CROISSANT,4522,919746.61
Division,CROISSANT,Stories Batroun,CROISSANT,CROISSANT,4522,919746.61
Group,COOKIES,Stories Batroun,COOKIES,COOKIES,987,309825.83
Division,COOKIES,Stories Batroun,COOKIES,COOKIES,987,309825.83
Group,FRENCH PASTRY,Stories Batroun,FRENCH PASTRY,FRENCH PASTRY,4052,1128700.97
Division,FRENCH PASTRY,Stories Batroun,FRENCH PASTRY,FRENCH PASTRY,4052,1128700.97
Group,COMBO TOPPINGS,Stories Batroun,FROZEN YOGHURT,COMBO TOPPINGS,82337,0
Group,TOPPINGS,Stories Batroun,FROZEN YOGHURT,TOPPINGS,2239,149439.34
Group,LUXURY TOPPINGS,Stories Batroun,FROZEN YOGHURT,LUXURY TOPPINGS,2555.5,258865.94
Group,FROZEN YOGHURT,Stories Batroun,FROZEN YOGHURT,FROZEN YOGHURT,32214.75,9204122.52
Division,FROZEN YOGHURT,Stories Batroun,FROZEN YOGHURT,FROZEN YOGHURT,119346.25,9612427.81
Group,SUB SANDWICHES,Stories Batroun,SANDWICHES,SUB SANDWICHES,9765,2520352.08
Division,SANDWICHES,Stories Batroun,SANDWICHES,SUB SANDWICHES,9765,2520352.08
Group,CINNAMONS,Stories Batroun,CINNAMON ROLLS,CINNAMONS,3644,1020124.03
Division,CINNAMON ROLLS,Stories Batroun,CINNAMON ROLLS,CINNAMONS,3644,1020124.03
Group,PACKAGING,Stories Batroun,CARTON,PACKAGING,20,0
Division,CARTON,Stories Batroun,CARTON,PACKAGING,20,0
Group,NOT USED,Stories Batroun,NOT USED,NOT USED,2253,482021.32
Division,NOT USED,Stories Batroun,NOT USED,NOT USED,2253,482021.32
Group,ADD ONS,Stories Batroun,SUBS,ADD ONS,810.5,97182.4
Division,SUBS,Stories Batroun,SUBS,ADD ONS,810.5,97182.4
Group,POP UP BEVERAGE,Stories Batroun,POP UP BEVERAGE,POP UP BEVERAGE,3,0
Division,POP UP BEVERAGE,Stories Batroun,POP UP BEVERAGE,POP UP BEVERAGE,3,0
Group,OFFER,Stories Batroun,OFFER,OFFER,3,1261.26
Division,OFFER,Stories Batroun,OFFER,OFFER,3,1261.26
Group,PACKAGED FOOD,Stories Batroun,GRAB&GO FOOD,PACKAGED FOOD,1519,214733.99
Group,SALADS,Stories Batroun,GRAB&GO FOOD,SALADS,765,349610.51
Group,FRUITS,Stories Batroun,GRAB&GO FOOD,FRUITS,591,168470
Group,PACKAGED DESSERT,Stories Batroun,GRAB&GO FOOD,PACKAGED DESSERT,256,93426.43
Division,GRAB&GO FOOD,Stories Batroun,GRAB&GO FOOD,PACKAGED DESSERT,3131,826240.93
Group,DONUTS,Stories Batroun,DONUTS,DONUTS,719,144100
Division,DONUTS,Stories Batroun,DONUTS,DONUTS,719,144100
Branch,Stories Batroun,Stories Batroun,DONUTS,DONUTS,371889.05,49353274.61
Group,BLACK COFFEE,Stories Saida,HOT BAR SECTION,BLACK COFFEE,14232,2316945.21
Group,MIXED HOT BEVERAGE,Stories Saida,HOT BAR SECTION,MIXED HOT BEVERAGE,32864.75,7373989.56
Group,TEA,Stories Saida,HOT BAR SECTION,TEA,2359,342102.7
Group,BEANS,Stories Saida,HOT BAR SECTION,BEANS,37,21569.97
Division,HOT BAR SECTION,Stories Saida,HOT BAR SECTION,BEANS,49492.75,10054607.44
Group,MIXED COLD BEVERAGES,Stories Saida,COLD BAR SECTION,MIXED COLD BEVERAGES,27569,6528420.67
Group,BLENDED BRINKS,Stories Saida,COLD BAR SECTION,BLENDED BRINKS,24826,6250714.31
Group,ICE TEA,Stories Saida,COLD BAR SECTION,ICE TEA,1884,348232.25
Group,ADD SYRUP,Stories Saida,COLD BAR SECTION,ADD SYRUP,41042,1440931.73
Group,REPLACE,Stories Saida,COLD BAR SECTION,REPLACE,14278,347719.84
Division,COLD BAR SECTION,Stories Saida,COLD BAR SECTION,REPLACE,109599,14916018.8
Group,SOFT DRINKS,Stories Saida,GRAB&GO BEVERAGES,SOFT DRINKS,36868,1729814.37
Division,GRAB&GO BEVERAGES,Stories Saida,GRAB&GO BEVERAGES,SOFT DRINKS,36868,1729814.37
Group,COFFEE PASTRY,Stories Saida,COFFEE PASTRY,COFFEE PASTRY,7290,1982055.47
Division,COFFEE PASTRY,Stories Saida,COFFEE PASTRY,COFFEE PASTRY,7290,1982055.47
Group,CROISSANT,Stories Saida,CROISSANT,CROISSANT,2117,435302.4
Division,CROISSANT,Stories Saida,CROISSANT,CROISSANT,2117,435302.4
Group,COOKIES,Stories Saida,COOKIES,COOKIES,1015,323604.2
Division,COOKIES,Stories Saida,COOKIES,COOKIES,1015,323604.2
Group,FRENCH PASTRY,Stories Saida,FRENCH PASTRY,FRENCH PASTRY,3235,909802.98
Division,FRENCH PASTRY,Stories Saida,FRENCH PASTRY,FRENCH PASTRY,3235,909802.98
Group,COMBO TOPPINGS,Stories Saida,FROZEN YOGHURT,COMBO TOPPINGS,125464,0
Group,TOPPINGS,Stories Saida,FROZEN YOGHURT,TOPPINGS,6615,439415.08
Group,LUXURY TOPPINGS,Stories Saida,FROZEN YOGHURT,LUXURY TOPPINGS,8233.5,835624.86
Group,FROZEN YOGHURT,Stories Saida,FROZEN YOGHURT,FROZEN YOGHURT,41294.3,12968800.6
Group,SPECIALTY YOGHURT,Stories Saida,FROZEN YOGHURT,SPECIALTY YOGHURT,25.5,5933.33
Division,FROZEN YOGHURT,Stories Saida,FROZEN YOGHURT,SPECIALTY YOGHURT,181632.3,14249773.87
Group,SALADS BAR,Stories Saida,SALADS BAR,SALADS BAR,198,158400
Division,SALADS BAR,Stories Saida,SALADS BAR,SALADS BAR,198,158400
Group,SUB SANDWICHES,Stories Saida,SANDWICHES,SUB SANDWICHES,8825,2191983.07
Division,SANDWICHES,Stories Saida,SANDWICHES,SUB SANDWICHES,8825,2191983.07
Group,CINNAMONS,Stories Saida,CINNAMON ROLLS,CINNAMONS,7027,2093235.14
Division,CINNAMON ROLLS,Stories Saida,CINNAMON ROLLS,CINNAMONS,7027,2093235.14
Group,PACKAGING,Stories Saida,CARTON,PACKAGING,2598,0
Division,CARTON,Stories Saida,CARTON,PACKAGING,2598,0
Group,NOT USED,Stories Saida,NOT USED,NOT USED,3815.5,766350.63
Division,NOT USED,Stories Saida,NOT USED,NOT USED,3815.5,766350.63
Group,ADD ONS,Stories Saida,SUBS,ADD ONS,1016,111076.07
Division,SUBS,Stories Saida,SUBS,ADD ONS,1016,111076.07
Group,POP UP BEVERAGE,Stories Saida,POP UP BEVERAGE,POP UP BEVERAGE,143,0
Division,POP UP BEVERAGE,Stories Saida,POP UP BEVERAGE,POP UP BEVERAGE,143,0
Group,OFFER,Stories Saida,OFFER,OFFER,143,57237.24
Division,OFFER,Stories Saida,OFFER,OFFER,143,57237.24
Group,PACKAGED FOOD,Stories Saida,GRAB&GO FOOD,PACKAGED FOOD,1265,165533.93
Group,SALADS,Stories Saida,GRAB&GO FOOD,SALADS,356,161692.31
Group,FRUITS,Stories Saida,GRAB&GO FOOD,FRUITS,157,36606.67
Group,PACKAGED DESSERT,Stories Saida,GRAB&GO FOOD,PACKAGED DESSERT,217,79864.86
Division,GRAB&GO FOOD,Stories Saida,GRAB&GO FOOD,PACKAGED DESSERT,1995,443697.78
Group,DONUTS,Stories Saida,DONUTS,DONUTS,1130,227112.43
Division,DONUTS,Stories Saida,DONUTS,DONUTS,1130,227112.43
Group,HEALTHY SECTION,Stories Saida,HEALTHY SECTION,HEALTHY SECTION,1,270.27
Division,HEALTHY SECTION,Stories Saida,HEALTHY SECTION,HEALTHY SECTION,1,270.27
Branch,Stories Saida,Stories Saida,HEALTHY SECTION,HEALTHY SECTION,418140.55,50650342.15
Group,BLACK COFFEE,Stories Ramlet El Bayda,HOT BAR SECTION,BLACK COFFEE,19276,3480422.65
Group,MIXED HOT BEVERAGE,Stories Ramlet El Bayda,HOT BAR SECTION,MIXED HOT BEVERAGE,34889.3,7545825.32
Group,TEA,Stories Ramlet El Bayda,HOT BAR SECTION,TEA,2517,408088.29
Group,BEANS,Stories Ramlet El Bayda,HOT BAR SECTION,BEANS,73,36884.08
Division,HOT BAR SECTION,Stories Ramlet El Bayda,HOT BAR SECTION,BEANS,56755.3,11471220.34
Group,MIXED COLD BEVERAGES,Stories Ramlet El Bayda,COLD BAR SECTION,MIXED COLD BEVERAGES,36850,8422109.37
Group,BLENDED BRINKS,Stories Ramlet El Bayda,COLD BAR SECTION,BLENDED BRINKS,17962,4380957.62
Group,ICE TEA,Stories Ramlet El Bayda,COLD BAR SECTION,ICE TEA,2138,409260.06
Group,ADD SYRUP,Stories Ramlet El Bayda,COLD BAR SECTION,ADD SYRUP,49270,1548706.65
Group,REPLACE,Stories Ramlet El Bayda,COLD BAR SECTION,REPLACE,22240.1,919507.94
Division,COLD BAR SECTION,Stories Ramlet El Bayda,COLD BAR SECTION,REPLACE,128460.1,15680541.64
Group,SOFT DRINKS,Stories Ramlet El Bayda,GRAB&GO BEVERAGES,SOFT DRINKS,48464,2682619.16
Division,GRAB&GO BEVERAGES,Stories Ramlet El Bayda,GRAB&GO BEVERAGES,SOFT DRINKS,48464,2682619.16
Group,COFFEE PASTRY,Stories Ramlet El Bayda,COFFEE PASTRY,COFFEE PASTRY,6788,1820111.72
Division,COFFEE PASTRY,Stories Ramlet El Bayda,COFFEE PASTRY,COFFEE PASTRY,6788,1820111.72
Group,CROISSANT,Stories Ramlet El Bayda,CROISSANT,CROISSANT,3448,700818.02
Division,CROISSANT,Stories Ramlet El Bayda,CROISSANT,CROISSANT,3448,700818.02
Group,COOKIES,Stories Ramlet El Bayda,COOKIES,COOKIES,1967,616786.79
Division,COOKIES,Stories Ramlet El Bayda,COOKIES,COOKIES,1967,616786.79
Group,FRENCH PASTRY,Stories Ramlet El Bayda,FRENCH PASTRY,FRENCH PASTRY,3658,1044378.08
Division,FRENCH PASTRY,Stories Ramlet El Bayda,FRENCH PASTRY,FRENCH PASTRY,3658,1044378.08
Group,COMBO TOPPINGS,Stories Ramlet El Bayda,FROZEN YOGHURT,COMBO TOPPINGS,71752,0
Group,TOPPINGS,Stories Ramlet El Bayda,FROZEN YOGHURT,TOPPINGS,4448,298977.18
Group,LUXURY TOPPINGS,Stories Ramlet El Bayda,FROZEN YOGHURT,LUXURY TOPPINGS,6370.5,642840.38
Group,FROZEN YOGHURT,Stories Ramlet El Bayda,FROZEN YOGHURT,FROZEN YOGHURT,24380.45,7697370.98
Group,SPECIALTY YOGHURT,Stories Ramlet El Bayda,FROZEN YOGHURT,SPECIALTY YOGHURT,30.5,9666.67
Division,FROZEN YOGHURT,Stories Ramlet El Bayda,FROZEN YOGHURT,SPECIALTY YOGHURT,106981.45,8648855.21
Group,SALADS BAR,Stories Ramlet El Bayda,SALADS BAR,SALADS BAR,2202,1665117.12
Division,SALADS BAR,Stories Ramlet El Bayda,SALADS BAR,SALADS BAR,2202,1665117.12
Group,PLAT DU JOUR,Stories Ramlet El Bayda,PLAT DE JOUR,PLAT DU JOUR,296,186666.67
Division,PLAT DE JOUR,Stories Ramlet El Bayda,PLAT DE JOUR,PLAT DU JOUR,296,186666.67
Group,SUB SANDWICHES,Stories Ramlet El Bayda,SANDWICHES,SUB SANDWICHES,11153,3077796.1
Division,SANDWICHES,Stories Ramlet El Bayda,SANDWICHES,SUB SANDWICHES,11153,3077796.1
Group,CINNAMONS,Stories Ramlet El Bayda,CINNAMON ROLLS,CINNAMONS,5485,1445503.91
Division,CINNAMON ROLLS,Stories Ramlet El Bayda,CINNAMON ROLLS,CINNAMONS,5485,1445503.91
Group,PACKAGING,Stories Ramlet El Bayda,CARTON,PACKAGING,2553,0
Division,CARTON,Stories Ramlet El Bayda,CARTON,PACKAGING,2553,0
Group,NOT USED,Stories Ramlet El Bayda,NOT USED,NOT USED,2628.5,543988.29
Division,NOT USED,Stories Ramlet El Bayda,NOT USED,NOT USED,2628.5,543988.29
Group,ADD ONS,Stories Ramlet El Bayda,SUBS,ADD ONS,2211.5,249608.71
Division,SUBS,Stories Ramlet El Bayda,SUBS,ADD ONS,2211.5,249608.71
Group,POP UP BEVERAGE,Stories Ramlet El Bayda,POP UP BEVERAGE,POP UP BEVERAGE,0,0
Division,POP UP BEVERAGE,Stories Ramlet El Bayda,POP UP BEVERAGE,POP UP BEVERAGE,0,0
Group,OFFER,Stories Ramlet El Bayda,OFFER,OFFER,0,0
Division,OFFER,Stories Ramlet El Bayda,OFFER,OFFER,0,0
Group,PACKAGED FOOD,Stories Ramlet El Bayda,GRAB&GO FOOD,PACKAGED FOOD,2109,289085.89
Group,SALADS,Stories Ramlet El Bayda,GRAB&GO FOOD,SALADS,1,462.46
Group,FRUITS,Stories Ramlet El Bayda,GRAB&GO FOOD,FRUITS,673,188962.46
Group,PACKAGED DESSERT,Stories Ramlet El Bayda,GRAB&GO FOOD,PACKAGED DESSERT,385,140399.4
Division,GRAB&GO FOOD,Stories Ramlet El Bayda,GRAB&GO FOOD,PACKAGED DESSERT,3168,618910.21
Group,DONUTS,Stories Ramlet El Bayda,DONUTS,DONUTS,459,91800
Division,DONUTS,Stories Ramlet El Bayda,DONUTS,DONUTS,459,91800
Branch,Stories Ramlet El Bayda,Stories Ramlet El Bayda,DONUTS,DONUTS,386677.85,50544721.98
Group,BLACK COFFEE,Stories jbeil,HOT BAR SECTION,BLACK COFFEE,9885,2002473.33
Group,MIXED HOT BEVERAGE,Stories jbeil,HOT BAR SECTION,MIXED HOT BEVERAGE,16019,3860000
Group,TEA,Stories jbeil,HOT BAR SECTION,TEA,2134,375320
Group,BEANS,Stories jbeil,HOT BAR SECTION,BEANS,33,17866.67
Division,HOT BAR SECTION,Stories jbeil,HOT BAR SECTION,BEANS,28071,6255660
Group,MIXED COLD BEVERAGES,Stories jbeil,COLD BAR SECTION,MIXED COLD BEVERAGES,15699,3989060
Group,BLENDED BRINKS,Stories jbeil,COLD BAR SECTION,BLENDED BRINKS,5870,1604646.67
Group,ICE TEA,Stories jbeil,COLD BAR SECTION,ICE TEA,220,46533.33
Group,ADD SYRUP,Stories jbeil,COLD BAR SECTION,ADD SYRUP,13479.5,386213.33
Group,REPLACE,Stories jbeil,COLD BAR SECTION,REPLACE,8140.5,294166.67
Division,COLD BAR SECTION,Stories jbeil,COLD BAR SECTION,REPLACE,43409,6320620
Group,SOFT DRINKS,Stories jbeil,GRAB&GO BEVERAGES,SOFT DRINKS,25963,1622880
Division,GRAB&GO BEVERAGES,Stories jbeil,GRAB&GO BEVERAGES,SOFT DRINKS,25963,1622880
Group,COFFEE PASTRY,Stories jbeil,COFFEE PASTRY,COFFEE PASTRY,3368,1006186.67
Division,COFFEE PASTRY,Stories jbeil,COFFEE PASTRY,COFFEE PASTRY,3368,1006186.67
Group,CROISSANT,Stories jbeil,CROISSANT,CROISSANT,3061,696793.33
Division,CROISSANT,Stories jbeil,CROISSANT,CROISSANT,3061,696793.33
Group,PIZZA,Stories jbeil,PIZZA,PIZZA,294,134406.91
Division,PIZZA,Stories jbeil,PIZZA,PIZZA,294,134406.91
Group,COOKIES,Stories jbeil,COOKIES,COOKIES,445,148333.33
Division,COOKIES,Stories jbeil,COOKIES,COOKIES,445,148333.33
Group,FRENCH PASTRY,Stories jbeil,FRENCH PASTRY,FRENCH PASTRY,2101,690471.17
Division,FRENCH PASTRY,Stories jbeil,FRENCH PASTRY,FRENCH PASTRY,2101,690471.17
Group,COMBO TOPPINGS,Stories jbeil,FROZEN YOGHURT,COMBO TOPPINGS,47644,0
Group,TOPPINGS,Stories jbeil,FROZEN YOGHURT,TOPPINGS,1414,105440
Group,LUXURY TOPPINGS,Stories jbeil,FROZEN YOGHURT,LUXURY TOPPINGS,1789,202353.33
Group,FROZEN YOGHURT,Stories jbeil,FROZEN YOGHURT,FROZEN YOGHURT,15007.85,5553154.25
Division,FROZEN YOGHURT,Stories jbeil,FROZEN YOGHURT,FROZEN YOGHURT,65854.85,5860947.58
Group,SUB SANDWICHES,Stories jbeil,SANDWICHES,SUB SANDWICHES,6561,1957945.29
Division,SANDWICHES,Stories jbeil,SANDWICHES,SUB SANDWICHES,6561,1957945.29
Group,CINNAMONS,Stories jbeil,CINNAMON ROLLS,CINNAMONS,2400,832733.33
Division,CINNAMON ROLLS,Stories jbeil,CINNAMON ROLLS,CINNAMONS,2400,832733.33
Group,WRAP,Stories jbeil,WRAP,WRAP,156,80933.33
Division,WRAP,Stories jbeil,WRAP,WRAP,156,80933.33
Group,NOT USED,Stories jbeil,NOT USED,NOT USED,97,33473.96
Division,NOT USED,Stories jbeil,NOT USED,NOT USED,97,33473.96
Group,ADD ONS,Stories jbeil,SUBS,ADD ONS,518,63004.68
Division,SUBS,Stories jbeil,SUBS,ADD ONS,518,63004.68
Group,POP UP BEVERAGE,Stories jbeil,POP UP BEVERAGE,POP UP BEVERAGE,3,0
Division,POP UP BEVERAGE,Stories jbeil,POP UP BEVERAGE,POP UP BEVERAGE,3,0
Group,OFFER,Stories jbeil,OFFER,OFFER,3,1300
Division,OFFER,Stories jbeil,OFFER,OFFER,3,1300
Group,PACKAGED FOOD,Stories jbeil,GRAB&GO FOOD,PACKAGED FOOD,1006,149756.76
Group,SALADS,Stories jbeil,GRAB&GO FOOD,SALADS,739,366106.67
Group,FRUITS,Stories jbeil,GRAB&GO FOOD,FRUITS,291,91646.67
Group,PACKAGED DESSERT,Stories jbeil,GRAB&GO FOOD,PACKAGED DESSERT,482,196316.88
Division,GRAB&GO FOOD,Stories jbeil,GRAB&GO FOOD,PACKAGED DESSERT,2518,803826.97
Group,DONUTS,Stories jbeil,DONUTS,DONUTS,1,200
Division,DONUTS,Stories jbeil,DONUTS,DONUTS,1,200
Group,HEALTHY SECTION,Stories jbeil,HEALTHY SECTION,HEALTHY SECTION,1472,652457.66
Division,HEALTHY SECTION,Stories jbeil,HEALTHY SECTION,HEALTHY SECTION,1472,652457.66
Branch,Stories jbeil,Stories jbeil,HEALTHY SECTION,HEALTHY SECTION,186295.85,27162174.22
Group,BLACK COFFEE,Stories Airport,HOT BAR SECTION,BLACK COFFEE,8174,1435147.15
Group,MIXED HOT BEVERAGE,Stories Airport,HOT BAR SECTION,MIXED HOT BEVERAGE,22316,5183645.65
Group,TEA,Stories Airport,HOT BAR SECTION,TEA,1123,174408.41
Group,BEANS,Stories Airport,HOT BAR SECTION,BEANS,18,8888.89
Division,HOT BAR SECTION,Stories Airport,HOT BAR SECTION,BEANS,31631,6802090.1
Group,MIXED COLD BEVERAGES,Stories Airport,COLD BAR SECTION,MIXED COLD BEVERAGES,26594,6302348.36
Group,BLENDED BRINKS,Stories Airport,COLD BAR SECTION,BLENDED BRINKS,30563,7641339.39
Group,ICE TEA,Stories Airport,COLD BAR SECTION,ICE TEA,2773,579639.64
Group,ADD SYRUP,Stories Airport,COLD BAR SECTION,ADD SYRUP,20998.5,630288.33
Group,REPLACE,Stories Airport,COLD BAR SECTION,REPLACE,5848,165255.26
Division,COLD BAR SECTION,Stories Airport,COLD BAR SECTION,REPLACE,86776.5,15318870.97
Group,SOFT DRINKS,Stories Airport,GRAB&GO BEVERAGES,SOFT DRINKS,24592,1328972.93
Division,GRAB&GO BEVERAGES,Stories Airport,GRAB&GO BEVERAGES,SOFT DRINKS,24592,1328972.93
Group,COFFEE PASTRY,Stories Airport,COFFEE PASTRY,COFFEE PASTRY,7507,2119135.15
Division,COFFEE PASTRY,Stories Airport,COFFEE PASTRY,COFFEE PASTRY,7507,2119135.15
Group,CROISSANT,Stories Airport,CROISSANT,CROISSANT,2156,443753.76
Division,CROISSANT,Stories Airport,CROISSANT,CROISSANT,2156,443753.76
Group,COOKIES,Stories Airport,COOKIES,COOKIES,1216,365165.16
Division,COOKIES,Stories Airport,COOKIES,COOKIES,1216,365165.16
Group,FRENCH PASTRY,Stories Airport,FRENCH PASTRY,FRENCH PASTRY,2918,885195.2
Division,FRENCH PASTRY,Stories Airport,FRENCH PASTRY,FRENCH PASTRY,2918,885195.2
Group,COMBO TOPPINGS,Stories Airport,FROZEN YOGHURT,COMBO TOPPINGS,58499,0
Group,TOPPINGS,Stories Airport,FROZEN YOGHURT,TOPPINGS,1916,127531.53
Group,LUXURY TOPPINGS,Stories Airport,FROZEN YOGHURT,LUXURY TOPPINGS,2109,215333.33
Group,FROZEN YOGHURT,Stories Airport,FROZEN YOGHURT,FROZEN YOGHURT,17061.5,5955815.62
Division,FROZEN YOGHURT,Stories Airport,FROZEN YOGHURT,FROZEN YOGHURT,79585.5,6298680.49
Group,SUB SANDWICHES,Stories Airport,SANDWICHES,SUB SANDWICHES,3945,844426.43
Division,SANDWICHES,Stories Airport,SANDWICHES,SUB SANDWICHES,3945,844426.43
Group,CINNAMONS,Stories Airport,CINNAMON ROLLS,CINNAMONS,5145,1542702.71
Division,CINNAMON ROLLS,Stories Airport,CINNAMON ROLLS,CINNAMONS,5145,1542702.71
Group,NOT USED,Stories Airport,NOT USED,NOT USED,255,17495.5
Division,NOT USED,Stories Airport,NOT USED,NOT USED,255,17495.5
Group,ADD ONS,Stories Airport,SUBS,ADD ONS,360,41471.47
Division,SUBS,Stories Airport,SUBS,ADD ONS,360,41471.47
Group,POP UP BEVERAGE,Stories Airport,POP UP BEVERAGE,POP UP BEVERAGE,17,0
Division,POP UP BEVERAGE,Stories Airport,POP UP BEVERAGE,POP UP BEVERAGE,17,0
Group,OFFER,Stories Airport,OFFER,OFFER,17,6816.82
Division,OFFER,Stories Airport,OFFER,OFFER,17,6816.82
Group,PACKAGED FOOD,Stories Airport,GRAB&GO FOOD,PACKAGED FOOD,982,143531.53
Group,SALADS,Stories Airport,GRAB&GO FOOD,SALADS,483,217099.1
Group,PACKAGED DESSERT,Stories Airport,GRAB&GO FOOD,PACKAGED DESSERT,304,112012.01
Division,GRAB&GO FOOD,Stories Airport,GRAB&GO FOOD,PACKAGED DESSERT,1769,472642.64
Branch,Stories Airport,Stories Airport,GRAB&GO FOOD,PACKAGED DESSERT,247890,36487419.34
Group,BLACK COFFEE,Stories alay,HOT BAR SECTION,BLACK COFFEE,10374.5,1900240.24
Group,MIXED HOT BEVERAGE,Stories alay,HOT BAR SECTION,MIXED HOT BEVERAGE,18530.4,4143824.63
Group,TEA,Stories alay,HOT BAR SECTION,TEA,1830,243195.19
Group,BEANS,Stories alay,HOT BAR SECTION,BEANS,13,6966.97
Division,HOT BAR SECTION,Stories alay,HOT BAR SECTION,BEANS,30747.9,6294227.03
Group,MIXED COLD BEVERAGES,Stories alay,COLD BAR SECTION,MIXED COLD BEVERAGES,17227,3951075.08
Group,BLENDED BRINKS,Stories alay,COLD BAR SECTION,BLENDED BRINKS,16775,4072720.74
Group,ICE TEA,Stories alay,COLD BAR SECTION,ICE TEA,899,170000
Group,ADD SYRUP,Stories alay,COLD BAR SECTION,ADD SYRUP,16838.75,470385.92
Group,REPLACE,Stories alay,COLD BAR SECTION,REPLACE,6115.5,203333.34
Division,COLD BAR SECTION,Stories alay,COLD BAR SECTION,REPLACE,57855.25,8867515.08
Group,SOFT DRINKS,Stories alay,GRAB&GO BEVERAGES,SOFT DRINKS,16332,867831.8
Division,GRAB&GO BEVERAGES,Stories alay,GRAB&GO BEVERAGES,SOFT DRINKS,16332,867831.8
Group,COFFEE PASTRY,Stories alay,COFFEE PASTRY,COFFEE PASTRY,4816,1403777.79
Division,COFFEE PASTRY,Stories alay,COFFEE PASTRY,COFFEE PASTRY,4816,1403777.79
Group,CROISSANT,Stories alay,CROISSANT,CROISSANT,2152,447315.32
Division,CROISSANT,Stories alay,CROISSANT,CROISSANT,2152,447315.32
Group,COOKIES,Stories alay,COOKIES,COOKIES,374,112312.31
Division,COOKIES,Stories alay,COOKIES,COOKIES,374,112312.31
Group,FRENCH PASTRY,Stories alay,FRENCH PASTRY,FRENCH PASTRY,2034,617177.18
Division,FRENCH PASTRY,Stories alay,FRENCH PASTRY,FRENCH PASTRY,2034,617177.18
Group,COMBO TOPPINGS,Stories alay,FROZEN YOGHURT,COMBO TOPPINGS,50367,0
Group,TOPPINGS,Stories alay,FROZEN YOGHURT,TOPPINGS,1511.5,99303.3
Group,LUXURY TOPPINGS,Stories alay,FROZEN YOGHURT,LUXURY TOPPINGS,1776,181237.23
Group,FROZEN YOGHURT,Stories alay,FROZEN YOGHURT,FROZEN YOGHURT,15591.45,5099342.95
Division,FROZEN YOGHURT,Stories alay,FROZEN YOGHURT,FROZEN YOGHURT,69245.95,5379883.49
Group,SALADS BAR,Stories alay,SALADS BAR,SALADS BAR,41,29549.55
Division,SALADS BAR,Stories alay,SALADS BAR,SALADS BAR,41,29549.55
Group,SUB SANDWICHES,Stories alay,SANDWICHES,SUB SANDWICHES,3390,705207.21
Division,SANDWICHES,Stories alay,SANDWICHES,SUB SANDWICHES,3390,705207.21
Group,CINNAMONS,Stories alay,CINNAMON ROLLS,CINNAMONS,4042,1232642.65
Division,CINNAMON ROLLS,Stories alay,CINNAMON ROLLS,CINNAMONS,4042,1232642.65
Group,NOT USED,Stories alay,NOT USED,NOT USED,318,67822.82
Division,NOT USED,Stories alay,NOT USED,NOT USED,318,67822.82
Group,ADD ONS,Stories alay,SUBS,ADD ONS,261,31135.14
Division,SUBS,Stories alay,SUBS,ADD ONS,261,31135.14
Group,POP UP BEVERAGE,Stories alay,POP UP BEVERAGE,POP UP BEVERAGE,1,0
Division,POP UP BEVERAGE,Stories alay,POP UP BEVERAGE,POP UP BEVERAGE,1,0
Group,OFFER,Stories alay,OFFER,OFFER,1,390.39
Division,OFFER,Stories alay,OFFER,OFFER,1,390.39
Group,PACKAGED FOOD,Stories alay,GRAB&GO FOOD,PACKAGED FOOD,727,101711.71
Group,SALADS,Stories alay,GRAB&GO FOOD,SALADS,142,64792.79
Group,FRUITS,Stories alay,GRAB&GO FOOD,FRUITS,7,1957.96
Group,PACKAGED DESSERT,Stories alay,GRAB&GO FOOD,PACKAGED DESSERT,159,57576.58
Division,GRAB&GO FOOD,Stories alay,GRAB&GO FOOD,PACKAGED DESSERT,1035,226039.04
Branch,Stories alay,Stories alay,GRAB&GO FOOD,PACKAGED DESSERT,192646.1,26282826.8
Group,BLACK COFFEE,Stories Mansourieh,HOT BAR SECTION,BLACK COFFEE,9141,1705372.37
Group,MIXED HOT BEVERAGE,Stories Mansourieh,HOT BAR SECTION,MIXED HOT BEVERAGE,12894,2937756.76
Group,TEA,Stories Mansourieh,HOT BAR SECTION,TEA,1336,214624.62
Group,BEANS,Stories Mansourieh,HOT BAR SECTION,BEANS,75,41081.08
Division,HOT BAR SECTION,Stories Mansourieh,HOT BAR SECTION,BEANS,23446,4898834.84
Group,MIXED COLD BEVERAGES,Stories Mansourieh,COLD BAR SECTION,MIXED COLD BEVERAGES,18751,4318186.19
Group,BLENDED BRINKS,Stories Mansourieh,COLD BAR SECTION,BLENDED BRINKS,7614,1862591.6
Group,ICE TEA,Stories Mansourieh,COLD BAR SECTION,ICE TEA,934,74390.39
Group,ADD SYRUP,Stories Mansourieh,COLD BAR SECTION,ADD SYRUP,14808,415693.72
Group,REPLACE,Stories Mansourieh,COLD BAR SECTION,REPLACE,9447,342387.39
Division,COLD BAR SECTION,Stories Mansourieh,COLD BAR SECTION,REPLACE,51554,7013249.3
Group,SOFT DRINKS,Stories Mansourieh,GRAB&GO BEVERAGES,SOFT DRINKS,21438.5,1225279.24
Division,GRAB&GO BEVERAGES,Stories Mansourieh,GRAB&GO BEVERAGES,SOFT DRINKS,21438.5,1225279.24
Group,COFFEE PASTRY,Stories Mansourieh,COFFEE PASTRY,COFFEE PASTRY,4184,1098939.95
Division,COFFEE PASTRY,Stories Mansourieh,COFFEE PASTRY,COFFEE PASTRY,4184,1098939.95
Group,CROISSANT,Stories Mansourieh,CROISSANT,CROISSANT,2672,547903.91
Division,CROISSANT,Stories Mansourieh,CROISSANT,CROISSANT,2672,547903.91
Group,COOKIES,Stories Mansourieh,COOKIES,COOKIES,502,151801.8
Division,COOKIES,Stories Mansourieh,COOKIES,COOKIES,502,151801.8
Group,FRENCH PASTRY,Stories Mansourieh,FRENCH PASTRY,FRENCH PASTRY,1619,501768.77
Division,FRENCH PASTRY,Stories Mansourieh,FRENCH PASTRY,FRENCH PASTRY,1619,501768.77
Group,COMBO TOPPINGS,Stories Mansourieh,FROZEN YOGHURT,COMBO TOPPINGS,65145,0
Group,TOPPINGS,Stories Mansourieh,FROZEN YOGHURT,TOPPINGS,2364,163159.76
Group,LUXURY TOPPINGS,Stories Mansourieh,FROZEN YOGHURT,LUXURY TOPPINGS,3158,327876.87
Group,FROZEN YOGHURT,Stories Mansourieh,FROZEN YOGHURT,FROZEN YOGHURT,19702.9,6917484.1
Division,FROZEN YOGHURT,Stories Mansourieh,FROZEN YOGHURT,FROZEN YOGHURT,90369.9,7408520.73
Group,SALADS BAR,Stories Mansourieh,SALADS BAR,SALADS BAR,704,507387.39
Division,SALADS BAR,Stories Mansourieh,SALADS BAR,SALADS BAR,704,507387.39
Group,SUB SANDWICHES,Stories Mansourieh,SANDWICHES,SUB SANDWICHES,7008,1854540.55
Division,SANDWICHES,Stories Mansourieh,SANDWICHES,SUB SANDWICHES,7008,1854540.55
Group,CINNAMONS,Stories Mansourieh,CINNAMON ROLLS,CINNAMONS,3743,1102024.03
Division,CINNAMON ROLLS,Stories Mansourieh,CINNAMON ROLLS,CINNAMONS,3743,1102024.03
Group,NOT USED,Stories Mansourieh,NOT USED,NOT USED,267,64924.93
Division,NOT USED,Stories Mansourieh,NOT USED,NOT USED,267,64924.93
Group,ADD ONS,Stories Mansourieh,SUBS,ADD ONS,402,45807.81
Division,SUBS,Stories Mansourieh,SUBS,ADD ONS,402,45807.81
Group,POP UP BEVERAGE,Stories Mansourieh,POP UP BEVERAGE,POP UP BEVERAGE,24,0
Division,POP UP BEVERAGE,Stories Mansourieh,POP UP BEVERAGE,POP UP BEVERAGE,24,0
Group,OFFER,Stories Mansourieh,OFFER,OFFER,24,9849.85
Division,OFFER,Stories Mansourieh,OFFER,OFFER,24,9849.85
Group,PACKAGED FOOD,Stories Mansourieh,GRAB&GO FOOD,PACKAGED FOOD,920,132549.55
Group,SALADS,Stories Mansourieh,GRAB&GO FOOD,SALADS,344,154972.97
Group,FRUITS,Stories Mansourieh,GRAB&GO FOOD,FRUITS,70,19579.58
Group,PACKAGED DESSERT,Stories Mansourieh,GRAB&GO FOOD,PACKAGED DESSERT,196,69267.27
Division,GRAB&GO FOOD,Stories Mansourieh,GRAB&GO FOOD,PACKAGED DESSERT,1530,376369.37
Group,DONUTS,Stories Mansourieh,DONUTS,DONUTS,2,360.36
Division,DONUTS,Stories Mansourieh,DONUTS,DONUTS,2,360.36
Branch,Stories Mansourieh,Stories Mansourieh,DONUTS,DONUTS,209489.4,26807562.82
Group,BLACK COFFEE,Stories sin el fil,HOT BAR SECTION,BLACK COFFEE,4381.5,786843.85
Group,MIXED HOT BEVERAGE,Stories sin el fil,HOT BAR SECTION,MIXED HOT BEVERAGE,7678,1661477.48
Group,TEA,Stories sin el fil,HOT BAR SECTION,TEA,884,140810.81
Group,BEANS,Stories sin el fil,HOT BAR SECTION,BEANS,12,6606.61
Division,HOT BAR SECTION,Stories sin el fil,HOT BAR SECTION,BEANS,12955.5,2595738.74
Group,MIXED COLD BEVERAGES,Stories sin el fil,COLD BAR SECTION,MIXED COLD BEVERAGES,5407,1202954.96
Group,BLENDED BRINKS,Stories sin el fil,COLD BAR SECTION,BLENDED BRINKS,2307,560174.18
Group,ICE TEA,Stories sin el fil,COLD BAR SECTION,ICE TEA,330,44924.93
Group,ADD SYRUP,Stories sin el fil,COLD BAR SECTION,ADD SYRUP,6657,185183.19
Group,REPLACE,Stories sin el fil,COLD BAR SECTION,REPLACE,4510,134594.6
Division,COLD BAR SECTION,Stories sin el fil,COLD BAR SECTION,REPLACE,19211,2127831.85
Group,SOFT DRINKS,Stories sin el fil,GRAB&GO BEVERAGES,SOFT DRINKS,7835,459672.66
Division,GRAB&GO BEVERAGES,Stories sin el fil,GRAB&GO BEVERAGES,SOFT DRINKS,7835,459672.66
Group,COFFEE PASTRY,Stories sin el fil,COFFEE PASTRY,COFFEE PASTRY,1669,425237.24
Division,COFFEE PASTRY,Stories sin el fil,COFFEE PASTRY,COFFEE PASTRY,1669,425237.24
Group,CROISSANT,Stories sin el fil,CROISSANT,CROISSANT,1001,203969.97
Division,CROISSANT,Stories sin el fil,CROISSANT,CROISSANT,1001,203969.97
Group,COOKIES,Stories sin el fil,COOKIES,COOKIES,362,108708.71
Division,COOKIES,Stories sin el fil,COOKIES,COOKIES,362,108708.71
Group,FRENCH PASTRY,Stories sin el fil,FRENCH PASTRY,FRENCH PASTRY,541,166006.01
Division,FRENCH PASTRY,Stories sin el fil,FRENCH PASTRY,FRENCH PASTRY,541,166006.01
Group,COMBO TOPPINGS,Stories sin el fil,FROZEN YOGHURT,COMBO TOPPINGS,16574,0
Group,TOPPINGS,Stories sin el fil,FROZEN YOGHURT,TOPPINGS,776,52036.04
Group,LUXURY TOPPINGS,Stories sin el fil,FROZEN YOGHURT,LUXURY TOPPINGS,995,101591.59
Group,FROZEN YOGHURT,Stories sin el fil,FROZEN YOGHURT,FROZEN YOGHURT,5286.5,1720324.33
Division,FROZEN YOGHURT,Stories sin el fil,FROZEN YOGHURT,FROZEN YOGHURT,23631.5,1873951.95
Group,SALADS BAR,Stories sin el fil,SALADS BAR,SALADS BAR,611,440360.36
Division,SALADS BAR,Stories sin el fil,SALADS BAR,SALADS BAR,611,440360.36
Group,PLAT DU JOUR,Stories sin el fil,PLAT DE JOUR,PLAT DU JOUR,418,263603.6
Division,PLAT DE JOUR,Stories sin el fil,PLAT DE JOUR,PLAT DU JOUR,418,263603.6
Group,SUB SANDWICHES,Stories sin el fil,SANDWICHES,SUB SANDWICHES,3608,967567.57
Division,SANDWICHES,Stories sin el fil,SANDWICHES,SUB SANDWICHES,3608,967567.57
Group,CINNAMONS,Stories sin el fil,CINNAMON ROLLS,CINNAMONS,1308,358858.86
Division,CINNAMON ROLLS,Stories sin el fil,CINNAMON ROLLS,CINNAMONS,1308,358858.86
Group,NOT USED,Stories sin el fil,NOT USED,NOT USED,10,5675.68
Division,NOT USED,Stories sin el fil,NOT USED,NOT USED,10,5675.68
Group,ADD ONS,Stories sin el fil,SUBS,ADD ONS,387,45783.78
Division,SUBS,Stories sin el fil,SUBS,ADD ONS,387,45783.78
Group,PACKAGED FOOD,Stories sin el fil,GRAB&GO FOOD,PACKAGED FOOD,663,101993.99
Group,FRUITS,Stories sin el fil,GRAB&GO FOOD,FRUITS,177,62720.72
Group,PACKAGED DESSERT,Stories sin el fil,GRAB&GO FOOD,PACKAGED DESSERT,255,90663.66
Division,GRAB&GO FOOD,Stories sin el fil,GRAB&GO FOOD,PACKAGED DESSERT,1095,255378.38
Group,DONUTS,Stories sin el fil,DONUTS,DONUTS,1,180.18
Division,DONUTS,Stories sin el fil,DONUTS,DONUTS,1,180.18
Branch,Stories sin el fil,Stories sin el fil,DONUTS,DONUTS,74644,10298525.55
Group,BLACK COFFEE,Stories amioun,HOT BAR SECTION,BLACK COFFEE,3621,679309.31
Group,MIXED HOT BEVERAGE,Stories amioun,HOT BAR SECTION,MIXED HOT BEVERAGE,8707,1891688.29
Group,TEA,Stories amioun,HOT BAR SECTION,TEA,1316,214582.58
Group,BEANS,Stories amioun,HOT BAR SECTION,BEANS,23,11291.29
Division,HOT BAR SECTION,Stories amioun,HOT BAR SECTION,BEANS,13667,2796871.47
Group,MIXED COLD BEVERAGES,Stories amioun,COLD BAR SECTION,MIXED COLD BEVERAGES,4646,1013456.46
Group,BLENDED BRINKS,Stories amioun,COLD BAR SECTION,BLENDED BRINKS,2808,680885.89
Group,ICE TEA,Stories amioun,COLD BAR SECTION,ICE TEA,125,22492.49
Group,ADD SYRUP,Stories amioun,COLD BAR SECTION,ADD SYRUP,5781,151384.4
Group,REPLACE,Stories amioun,COLD BAR SECTION,REPLACE,3983,84339.34
Division,COLD BAR SECTION,Stories amioun,COLD BAR SECTION,REPLACE,17343,1952558.58
Group,SOFT DRINKS,Stories amioun,GRAB&GO BEVERAGES,SOFT DRINKS,8267,459249.23
Division,GRAB&GO BEVERAGES,Stories amioun,GRAB&GO BEVERAGES,SOFT DRINKS,8267,459249.23
Group,COFFEE PASTRY,Stories amioun,COFFEE PASTRY,COFFEE PASTRY,2123,581888.89
Division,COFFEE PASTRY,Stories amioun,COFFEE PASTRY,COFFEE PASTRY,2123,581888.89
Group,CROISSANT,Stories amioun,CROISSANT,CROISSANT,1376,281756.76
Division,CROISSANT,Stories amioun,CROISSANT,CROISSANT,1376,281756.76
Group,COOKIES,Stories amioun,COOKIES,COOKIES,256,76966.97
Division,COOKIES,Stories amioun,COOKIES,COOKIES,256,76966.97
Group,FRENCH PASTRY,Stories amioun,FRENCH PASTRY,FRENCH PASTRY,943,284804.81
Division,FRENCH PASTRY,Stories amioun,FRENCH PASTRY,FRENCH PASTRY,943,284804.81
Group,COMBO TOPPINGS,Stories amioun,FROZEN YOGHURT,COMBO TOPPINGS,16228,0
Group,TOPPINGS,Stories amioun,FROZEN YOGHURT,TOPPINGS,878,58666.67
Group,LUXURY TOPPINGS,Stories amioun,FROZEN YOGHURT,LUXURY TOPPINGS,654,66714.71
Group,FROZEN YOGHURT,Stories amioun,FROZEN YOGHURT,FROZEN YOGHURT,5451.7,1691213.82
Division,FROZEN YOGHURT,Stories amioun,FROZEN YOGHURT,FROZEN YOGHURT,23211.7,1816595.2
Group,SALADS BAR,Stories amioun,SALADS BAR,SALADS BAR,319,229909.91
Division,SALADS BAR,Stories amioun,SALADS BAR,SALADS BAR,319,229909.91
Group,SUB SANDWICHES,Stories amioun,SANDWICHES,SUB SANDWICHES,2827,767780.78
Division,SANDWICHES,Stories amioun,SANDWICHES,SUB SANDWICHES,2827,767780.78
Group,CINNAMONS,Stories amioun,CINNAMON ROLLS,CINNAMONS,905,238282.28
Division,CINNAMON ROLLS,Stories amioun,CINNAMON ROLLS,CINNAMONS,905,238282.28
Group,NOT USED,Stories amioun,NOT USED,NOT USED,78,14672.67
Division,NOT USED,Stories amioun,NOT USED,NOT USED,78,14672.67
Group,ADD ONS,Stories amioun,SUBS,ADD ONS,138,15723.72
Division,SUBS,Stories amioun,SUBS,ADD ONS,138,15723.72
Group,POP UP BEVERAGE,Stories amioun,POP UP BEVERAGE,POP UP BEVERAGE,2,0
Division,POP UP BEVERAGE,Stories amioun,POP UP BEVERAGE,POP UP BEVERAGE,2,0
Group,OFFER,Stories amioun,OFFER,OFFER,2,780.78
Division,OFFER,Stories amioun,OFFER,OFFER,2,780.78
Group,PACKAGED FOOD,Stories amioun,GRAB&GO FOOD,PACKAGED FOOD,629,91369.37
Group,SALADS,Stories amioun,GRAB&GO FOOD,SALADS,55,24870.87
Group,FRUITS,Stories amioun,GRAB&GO FOOD,FRUITS,51,13543.54
Group,PACKAGED DESSERT,Stories amioun,GRAB&GO FOOD,PACKAGED DESSERT,320,118438.44
Division,GRAB&GO FOOD,Stories amioun,GRAB&GO FOOD,PACKAGED DESSERT,1055,248222.22
Branch,Stories amioun,Stories amioun,GRAB&GO FOOD,PACKAGED DESSERT,72512.7,9766064.29
Group,BLACK COFFEE,Stories raouche,HOT BAR SECTION,BLACK COFFEE,1637,290297.3
Group,MIXED HOT BEVERAGE,Stories raouche,HOT BAR SECTION,MIXED HOT BEVERAGE,5073,1145550.75
Group,TEA,Stories raouche,HOT BAR SECTION,TEA,288,42762.76
Group,BEANS,Stories raouche,HOT BAR SECTION,BEANS,5.5,3063.06
Division,HOT BAR SECTION,Stories raouche,HOT BAR SECTION,BEANS,7003.5,1481673.88
Group,MIXED COLD BEVERAGES,Stories raouche,COLD BAR SECTION,MIXED COLD BEVERAGES,2612,576978.98
Group,BLENDED BRINKS,Stories raouche,COLD BAR SECTION,BLENDED BRINKS,1768,450753.76
Group,ICE TEA,Stories raouche,COLD BAR SECTION,ICE TEA,204,23660.66
Group,ADD SYRUP,Stories raouche,COLD BAR SECTION,ADD SYRUP,4005,104048.05
Group,REPLACE,Stories raouche,COLD BAR SECTION,REPLACE,2473,59555.56
Division,COLD BAR SECTION,Stories raouche,COLD BAR SECTION,REPLACE,11062,1214997.01
Group,SOFT DRINKS,Stories raouche,GRAB&GO BEVERAGES,SOFT DRINKS,2562,141126.12
Division,GRAB&GO BEVERAGES,Stories raouche,GRAB&GO BEVERAGES,SOFT DRINKS,2562,141126.12
Group,COFFEE PASTRY,Stories raouche,COFFEE PASTRY,COFFEE PASTRY,996,249072.07
Division,COFFEE PASTRY,Stories raouche,COFFEE PASTRY,COFFEE PASTRY,996,249072.07
Group,CROISSANT,Stories raouche,CROISSANT,CROISSANT,429,90783.78
Division,CROISSANT,Stories raouche,CROISSANT,CROISSANT,429,90783.78
Group,COOKIES,Stories raouche,COOKIES,COOKIES,127,38588.59
Division,COOKIES,Stories raouche,COOKIES,COOKIES,127,38588.59
Group,FRENCH PASTRY,Stories raouche,FRENCH PASTRY,FRENCH PASTRY,280,86069.07
Division,FRENCH PASTRY,Stories raouche,FRENCH PASTRY,FRENCH PASTRY,280,86069.07
Group,COMBO TOPPINGS,Stories raouche,FROZEN YOGHURT,COMBO TOPPINGS,9003,0
Group,TOPPINGS,Stories raouche,FROZEN YOGHURT,TOPPINGS,369,25502.7
Group,LUXURY TOPPINGS,Stories raouche,FROZEN YOGHURT,LUXURY TOPPINGS,404,42870.87
Group,FROZEN YOGHURT,Stories raouche,FROZEN YOGHURT,FROZEN YOGHURT,3122.275,838329.43
Division,FROZEN YOGHURT,Stories raouche,FROZEN YOGHURT,FROZEN YOGHURT,12898.275,906703
Group,CINNAMONS,Stories raouche,CINNAMON ROLLS,CINNAMONS,875,214150.15
Division,CINNAMON ROLLS,Stories raouche,CINNAMON ROLLS,CINNAMONS,875,214150.15
Group,NOT USED,Stories raouche,NOT USED,NOT USED,3,1261.26
Division,NOT USED,Stories raouche,NOT USED,NOT USED,3,1261.26
Group,POP UP BEVERAGE,Stories raouche,POP UP BEVERAGE,POP UP BEVERAGE,16,0
Division,POP UP BEVERAGE,Stories raouche,POP UP BEVERAGE,POP UP BEVERAGE,16,0
Group,OFFER,Stories raouche,OFFER,OFFER,16,6246.25
Division,OFFER,Stories raouche,OFFER,OFFER,16,6246.25
Group,PACKAGED FOOD,Stories raouche,GRAB&GO FOOD,PACKAGED FOOD,182,23111.11
Group,SALADS,Stories raouche,GRAB&GO FOOD,SALADS,115,52126.13
Group,PACKAGED DESSERT,Stories raouche,GRAB&GO FOOD,PACKAGED DESSERT,138,50288.29
Division,GRAB&GO FOOD,Stories raouche,GRAB&GO FOOD,PACKAGED DESSERT,435,125525.53
Branch,Stories raouche,Stories raouche,GRAB&GO FOOD,PACKAGED DESSERT,36702.78,4556196.71
Group,BLACK COFFEE,Stories kaslik,HOT BAR SECTION,BLACK COFFEE,1114,204879.88
Group,MIXED HOT BEVERAGE,Stories kaslik,HOT BAR SECTION,MIXED HOT BEVERAGE,2226,498132.73
Group,TEA,Stories kaslik,HOT BAR SECTION,TEA,237,38294.29
Group,BEANS,Stories kaslik,HOT BAR SECTION,BEANS,8,3963.96
Division,HOT BAR SECTION,Stories kaslik,HOT BAR SECTION,BEANS,3585,745270.87
Group,MIXED COLD BEVERAGES,Stories kaslik,COLD BAR SECTION,MIXED COLD BEVERAGES,1865,408411.41
Group,BLENDED BRINKS,Stories kaslik,COLD BAR SECTION,BLENDED BRINKS,702,165927.93
Group,ICE TEA,Stories kaslik,COLD BAR SECTION,ICE TEA,59,7147.15
Group,ADD SYRUP,Stories kaslik,COLD BAR SECTION,ADD SYRUP,1939,48603.61
Group,REPLACE,Stories kaslik,COLD BAR SECTION,REPLACE,1462,44051.05
Division,COLD BAR SECTION,Stories kaslik,COLD BAR SECTION,REPLACE,6027,674141.15
Group,SOFT DRINKS,Stories kaslik,GRAB&GO BEVERAGES,SOFT DRINKS,2117,112606.6
Division,GRAB&GO BEVERAGES,Stories kaslik,GRAB&GO BEVERAGES,SOFT DRINKS,2117,112606.6
Group,COFFEE PASTRY,Stories kaslik,COFFEE PASTRY,COFFEE PASTRY,566,143438.44
Division,COFFEE PASTRY,Stories kaslik,COFFEE PASTRY,COFFEE PASTRY,566,143438.44
Group,CROISSANT,Stories kaslik,CROISSANT,CROISSANT,449,92615.62
Division,CROISSANT,Stories kaslik,CROISSANT,CROISSANT,449,92615.62
Group,COOKIES,Stories kaslik,COOKIES,COOKIES,83,24984.98
Division,COOKIES,Stories kaslik,COOKIES,COOKIES,83,24984.98
Group,FRENCH PASTRY,Stories kaslik,FRENCH PASTRY,FRENCH PASTRY,185,55942.94
Division,FRENCH PASTRY,Stories kaslik,FRENCH PASTRY,FRENCH PASTRY,185,55942.94
Group,COMBO TOPPINGS,Stories kaslik,FROZEN YOGHURT,COMBO TOPPINGS,5611,0
Group,TOPPINGS,Stories kaslik,FROZEN YOGHURT,TOPPINGS,206,14204.2
Group,LUXURY TOPPINGS,Stories kaslik,FROZEN YOGHURT,LUXURY TOPPINGS,318,32648.65
Group,FROZEN YOGHURT,Stories kaslik,FROZEN YOGHURT,FROZEN YOGHURT,1712.5,577378.98
Division,FROZEN YOGHURT,Stories kaslik,FROZEN YOGHURT,FROZEN YOGHURT,7847.5,624231.83
Group,SUB SANDWICHES,Stories kaslik,SANDWICHES,SUB SANDWICHES,687,167339.34
Division,SANDWICHES,Stories kaslik,SANDWICHES,SUB SANDWICHES,687,167339.34
Group,CINNAMONS,Stories kaslik,CINNAMON ROLLS,CINNAMONS,327,84534.53
Division,CINNAMON ROLLS,Stories kaslik,CINNAMON ROLLS,CINNAMONS,327,84534.53
Group,NOT USED,Stories kaslik,NOT USED,NOT USED,2,204.2
Division,NOT USED,Stories kaslik,NOT USED,NOT USED,2,204.2
Group,ADD ONS,Stories kaslik,SUBS,ADD ONS,51,5579.58
Division,SUBS,Stories kaslik,SUBS,ADD ONS,51,5579.58
Group,POP UP BEVERAGE,Stories kaslik,POP UP BEVERAGE,POP UP BEVERAGE,0,0
Division,POP UP BEVERAGE,Stories kaslik,POP UP BEVERAGE,POP UP BEVERAGE,0,0
Group,OFFER,Stories kaslik,OFFER,OFFER,0,0
Division,OFFER,Stories kaslik,OFFER,OFFER,0,0
Group,PACKAGED FOOD,Stories kaslik,GRAB&GO FOOD,PACKAGED FOOD,188,29531.53
Group,SALADS,Stories kaslik,GRAB&GO FOOD,SALADS,50,22786.79
Group,FRUITS,Stories kaslik,GRAB&GO FOOD,FRUITS,21,6570.57
Group,PACKAGED DESSERT,Stories kaslik,GRAB&GO FOOD,PACKAGED DESSERT,83,30774.77
Division,GRAB&GO FOOD,Stories kaslik,GRAB&GO FOOD,PACKAGED DESSERT,342,89663.66
Branch,Stories kaslik,Stories kaslik,GRAB&GO FOOD,PACKAGED DESSERT,22268.5,2820553.76
